id,title,author,created_utc,created_dt,score,permalink,subreddit
1mmy3fg,"Sticky renting situation, sudden rent increase or I must move out",OkPersonality1137,1754870278.0,2025-08-10T23:57:58+00:00,2,https://reddit.com/r/Apartmentliving/comments/1mmy3fg/sticky_renting_situation_sudden_rent_increase_or/,Apartmentliving
1mmxgw9,Thoughtful Neighbor,JupitersHot,1754868551.0,2025-08-10T23:29:11+00:00,2780,https://reddit.com/r/Apartmentliving/comments/1mmxgw9/thoughtful_neighbor/,Apartmentliving
1mmxdkv,Weirdest thing you‚Äôve found in your apts trash room,Remarkable_Aspect215,1754868299.0,2025-08-10T23:24:59+00:00,84,https://reddit.com/r/Apartmentliving/comments/1mmxdkv/weirdest_thing_youve_found_in_your_apts_trash_room/,Apartmentliving
1mmx376,Day Two AC and Electricity Issues,magicTrick2000,1754867508.0,2025-08-10T23:11:48+00:00,2,https://reddit.com/r/Apartmentliving/comments/1mmx376/day_two_ac_and_electricity_issues/,Apartmentliving
1mmx1s4,How do you manage a rental property when you‚Äôre juggling a full-time job?,Crystallover1991,1754867401.0,2025-08-10T23:10:01+00:00,0,https://reddit.com/r/Apartmentliving/comments/1mmx1s4/how_do_you_manage_a_rental_property_when_youre/,Apartmentliving
1mmwzt5,Haven't Used Bathroom Sink in Months. Will There be Irreversible Damage?,Dabbs88,1754867248.0,2025-08-10T23:07:28+00:00,8,https://reddit.com/r/Apartmentliving/comments/1mmwzt5/havent_used_bathroom_sink_in_months_will_there_be/,Apartmentliving
1mmwdys,How do I fix this on my own‚Ä¶..,Trophy-Himbo,1754865613.0,2025-08-10T22:40:13+00:00,1,https://reddit.com/r/Apartmentliving/comments/1mmwdys/how_do_i_fix_this_on_my_own/,Apartmentliving
1mmw9gb,What do we do with this hole in the floor??,Toasty_tea,1754865287.0,2025-08-10T22:34:47+00:00,4,https://reddit.com/r/Apartmentliving/comments/1mmw9gb/what_do_we_do_with_this_hole_in_the_floor/,Apartmentliving
1mmvtos,Closed my window blinds permanently,[deleted],1754864149.0,2025-08-10T22:15:49+00:00,9,https://reddit.com/r/Apartmentliving/comments/1mmvtos/closed_my_window_blinds_permanently/,Apartmentliving
1mmvni4,Roommate bought a set of 11 pots &amp; pans and is expecting me to pay to use them,FuzzyAd4059,1754863715.0,2025-08-10T22:08:35+00:00,2,https://reddit.com/r/Apartmentliving/comments/1mmvni4/roommate_bought_a_set_of_11_pots_pans_and_is/,Apartmentliving
1mmv1wl,Cortland 45 day satisfaction guarantee,Elegant_Statement_94,1754862220.0,2025-08-10T21:43:40+00:00,0,https://reddit.com/r/Apartmentliving/comments/1mmv1wl/cortland_45_day_satisfaction_guarantee/,Apartmentliving
1mmu9u1,Possibly moving soon,wannagohome1968,1754860288.0,2025-08-10T21:11:28+00:00,1,https://reddit.com/r/Apartmentliving/comments/1mmu9u1/possibly_moving_soon/,Apartmentliving
1mmtoz3,Apartment trying to charge me for carpet replacement,Cautious_Pair465,1754858893.0,2025-08-10T20:48:13+00:00,42,https://reddit.com/r/Apartmentliving/comments/1mmtoz3/apartment_trying_to_charge_me_for_carpet/,Apartmentliving
1mmtnay,Late Night Parties,ExtremeStruggle742,1754858784.0,2025-08-10T20:46:24+00:00,6,https://reddit.com/r/Apartmentliving/comments/1mmtnay/late_night_parties/,Apartmentliving
1mmt5di,Just moved into my first apartment at 19,keepthemusicgoing,1754857591.0,2025-08-10T20:26:31+00:00,1334,https://reddit.com/r/Apartmentliving/comments/1mmt5di/just_moved_into_my_first_apartment_at_19/,Apartmentliving
1mmsm2a,Possible Kitchen Ceiling Damage ‚Äì Humidity or Leak?,gmoney160,1754856362.0,2025-08-10T20:06:02+00:00,1,https://reddit.com/r/Apartmentliving/comments/1mmsm2a/possible_kitchen_ceiling_damage_humidity_or_leak/,Apartmentliving
1mmsh9f,No bedroom door?? Need renter friendly temporary doors,Business_Let6797,1754856054.0,2025-08-10T20:00:54+00:00,1,https://reddit.com/r/Apartmentliving/comments/1mmsh9f/no_bedroom_door_need_renter_friendly_temporary/,Apartmentliving
1mmsalf,mounting putty residue removal,That-Teaching-2249,1754855618.0,2025-08-10T19:53:38+00:00,1,https://reddit.com/r/Apartmentliving/comments/1mmsalf/mounting_putty_residue_removal/,Apartmentliving
1mms4rn,New to the apartment life!,RedHammock,1754855232.0,2025-08-10T19:47:12+00:00,1,https://reddit.com/r/Apartmentliving/comments/1mms4rn/new_to_the_apartment_life/,Apartmentliving
1mmrsp7,Mold,ScarcityTop7399,1754854451.0,2025-08-10T19:34:11+00:00,6,https://reddit.com/r/Apartmentliving/comments/1mmrsp7/mold/,Apartmentliving
1mmq7zj,Crazy rich people,Cold_Lifeguard_3112,1754850840.0,2025-08-10T18:34:00+00:00,117,https://reddit.com/r/Apartmentliving/comments/1mmq7zj/crazy_rich_people/,Apartmentliving
1mmq16e,Is this an emergency maintenance call?,Armyofducks94,1754850401.0,2025-08-10T18:26:41+00:00,5,https://reddit.com/r/Apartmentliving/comments/1mmq16e/is_this_an_emergency_maintenance_call/,Apartmentliving
1mmpl19,"Upstair neighbor's music is super loud, but it's only during the day. Is it okay to ask them to turn down?",South_Truck_1211,1754849365.0,2025-08-10T18:09:25+00:00,9,https://reddit.com/r/Apartmentliving/comments/1mmpl19/upstair_neighbors_music_is_super_loud_but_its/,Apartmentliving
1mmpk7j,I‚Äôm unable to pay all of my rent,strykerbets,1754849313.0,2025-08-10T18:08:33+00:00,26,https://reddit.com/r/Apartmentliving/comments/1mmpk7j/im_unable_to_pay_all_of_my_rent/,Apartmentliving
1mmoxf2,Neighbor Banned from Pool,ZepboundBard,1754847870.0,2025-08-10T17:44:30+00:00,679,https://reddit.com/r/Apartmentliving/comments/1mmoxf2/neighbor_banned_from_pool/,Apartmentliving
1mmoade,Weird electrical noise,Chops4dayz,1754846376.0,2025-08-10T17:19:36+00:00,1,https://reddit.com/r/Apartmentliving/comments/1mmoade/weird_electrical_noise/,Apartmentliving
1mmny55,I pay 300$ for a 2 bedroom apartment in California but it looks so tacky any tips?,FigOk1473,1754845590.0,2025-08-10T17:06:30+00:00,0,https://reddit.com/r/Apartmentliving/comments/1mmny55/i_pay_300_for_a_2_bedroom_apartment_in_california/,Apartmentliving
1mmnqg7,Why does my apartment look so tacky,FigOk1473,1754845105.0,2025-08-10T16:58:25+00:00,1,https://reddit.com/r/Apartmentliving/comments/1mmnqg7/why_does_my_apartment_look_so_tacky/,Apartmentliving
1mmmbo7,i'm terrified,yayayuhmaia,1754841814.0,2025-08-10T16:03:34+00:00,836,https://reddit.com/r/Apartmentliving/comments/1mmmbo7/im_terrified/,Apartmentliving
1mmm2ii,Sudden price hike at apartment,Purple-Bats,1754841230.0,2025-08-10T15:53:50+00:00,4,https://reddit.com/r/Apartmentliving/comments/1mmm2ii/sudden_price_hike_at_apartment/,Apartmentliving
1mmk2ar,Complex's pool pump hooked directly to my electricity,KindaTiredOfButter,1754836280.0,2025-08-10T14:31:20+00:00,111,https://reddit.com/r/Apartmentliving/comments/1mmk2ar/complexs_pool_pump_hooked_directly_to_my/,Apartmentliving
1mmitcq,At 7am mind you,Remarkable-Box-5452,1754833108.0,2025-08-10T13:38:28+00:00,0,https://reddit.com/r/Apartmentliving/comments/1mmitcq/at_7am_mind_you/,Apartmentliving
1mmihzl,This Momma has a problem and I need some advice,Maleficent-Garden585,1754832257.0,2025-08-10T13:24:17+00:00,41,https://reddit.com/r/Apartmentliving/comments/1mmihzl/this_momma_has_a_problem_and_i_need_some_advice/,Apartmentliving
1mmgcz7,is there anything I can do about my neighbors??,voiisu,1754826008.0,2025-08-10T11:40:08+00:00,2,https://reddit.com/r/Apartmentliving/comments/1mmgcz7/is_there_anything_i_can_do_about_my_neighbors/,Apartmentliving
1mmg7ws,Help,Pauliyadl12,1754825545.0,2025-08-10T11:32:25+00:00,1,https://reddit.com/r/Apartmentliving/comments/1mmg7ws/help/,Apartmentliving
1mmfuz7,What could this noise be from inside my walls?,rete_awded,1754824303.0,2025-08-10T11:11:43+00:00,10,https://reddit.com/r/Apartmentliving/comments/1mmfuz7/what_could_this_noise_be_from_inside_my_walls/,Apartmentliving
1mmbz8y,Strange sounds,pistolfeber,1754809565.0,2025-08-10T07:06:05+00:00,1,https://reddit.com/r/Apartmentliving/comments/1mmbz8y/strange_sounds/,Apartmentliving
1mmb5zn,Can I run some ideas for this dust collector/pot shelf by y'all?,nmfatale,1754806496.0,2025-08-10T06:14:56+00:00,3,https://reddit.com/r/Apartmentliving/comments/1mmb5zn/can_i_run_some_ideas_for_this_dust_collectorpot/,Apartmentliving
1mmau18,No hot water in the shower,Ok-Layer-4439,1754805281.0,2025-08-10T05:54:41+00:00,6,https://reddit.com/r/Apartmentliving/comments/1mmau18/no_hot_water_in_the_shower/,Apartmentliving
1mma691,What is causing this?,tae_x_suga,1754802902.0,2025-08-10T05:15:02+00:00,74,https://reddit.com/r/Apartmentliving/comments/1mma691/what_is_causing_this/,Apartmentliving
1mm9sy0,Trying to find an apartment with crappy credit,lotusflowerbom,1754801657.0,2025-08-10T04:54:17+00:00,1,https://reddit.com/r/Apartmentliving/comments/1mm9sy0/trying_to_find_an_apartment_with_crappy_credit/,Apartmentliving
1mm9phr,Age old problem of being he bottom unit,RecklessKibbles,1754801332.0,2025-08-10T04:48:52+00:00,1,https://reddit.com/r/Apartmentliving/comments/1mm9phr/age_old_problem_of_being_he_bottom_unit/,Apartmentliving
1mm9c59,Apartment hunting,Previous_Willow_7791,1754800070.0,2025-08-10T04:27:50+00:00,3,https://reddit.com/r/Apartmentliving/comments/1mm9c59/apartment_hunting/,Apartmentliving
1mm96mc,Kitchen update help!,mario-fart-smells,1754799559.0,2025-08-10T04:19:19+00:00,1,https://reddit.com/r/Apartmentliving/comments/1mm96mc/kitchen_update_help/,Apartmentliving
1mm7rtp,Does this detect smoke/fire?,throwaway0987582,1754795044.0,2025-08-10T03:04:04+00:00,6,https://reddit.com/r/Apartmentliving/comments/1mm7rtp/does_this_detect_smokefire/,Apartmentliving
1mm7qk1,What is this thing left of the stove? It's not the dishwasher.,peachism,1754794935.0,2025-08-10T03:02:15+00:00,37,https://reddit.com/r/Apartmentliving/comments/1mm7qk1/what_is_this_thing_left_of_the_stove_its_not_the/,Apartmentliving
1mm7lr2,Haven't been able to use our parking spot for over a month now,RogueKitteh,1754794525.0,2025-08-10T02:55:25+00:00,42,https://reddit.com/r/Apartmentliving/comments/1mm7lr2/havent_been_able_to_use_our_parking_spot_for_over/,Apartmentliving
1mm7dr8,I wish my apartment would just give us a gate code for easier delivery,iamyiyaj,1754793850.0,2025-08-10T02:44:10+00:00,11,https://reddit.com/r/Apartmentliving/comments/1mm7dr8/i_wish_my_apartment_would_just_give_us_a_gate/,Apartmentliving
1mm70dy,How much bass should I be able to hear from my above neighbors???,Delicious_Dress_9213,1754792699.0,2025-08-10T02:24:59+00:00,3,https://reddit.com/r/Apartmentliving/comments/1mm70dy/how_much_bass_should_i_be_able_to_hear_from_my/,Apartmentliving
1mm6qje,Any advice for a small pantry?,Super-Jury8571,1754791864.0,2025-08-10T02:11:04+00:00,3,https://reddit.com/r/Apartmentliving/comments/1mm6qje/any_advice_for_a_small_pantry/,Apartmentliving
1mm68vj,Apartment making me pay first months rent special of 1k as a late fee‚Ä¶,kittys_cult,1754790401.0,2025-08-10T01:46:41+00:00,3,https://reddit.com/r/Apartmentliving/comments/1mm68vj/apartment_making_me_pay_first_months_rent_special/,Apartmentliving
1mm5ocy,How long would cigarette smoke stay in bathroom vent?,Sufficient_Secret_16,1754788691.0,2025-08-10T01:18:11+00:00,1,https://reddit.com/r/Apartmentliving/comments/1mm5ocy/how_long_would_cigarette_smoke_stay_in_bathroom/,Apartmentliving
1mm5cri,Needing some advice for three apartments,ExamOk9870,1754787723.0,2025-08-10T01:02:03+00:00,1,https://reddit.com/r/Apartmentliving/comments/1mm5cri/needing_some_advice_for_three_apartments/,Apartmentliving
1mm4fti,Why does my AC leak from here?!,Uniicornsarerealyo,1754784969.0,2025-08-10T00:16:09+00:00,3,https://reddit.com/r/Apartmentliving/comments/1mm4fti/why_does_my_ac_leak_from_here/,Apartmentliving
1mm4877,My neighbor asked me to stop cooking certain foods because of the smell,Fun-Excitement1433,1754784358.0,2025-08-10T00:05:58+00:00,856,https://reddit.com/r/Apartmentliving/comments/1mm4877/my_neighbor_asked_me_to_stop_cooking_certain/,Apartmentliving
1mm484a,Debating if this warrants an emergency maintenance call or if it can wait until Monday (I‚Äôll ultimately make the decision but I‚Äôm curious what you would personally do or if something similar has happened),SushiandSyrup,1754784352.0,2025-08-10T00:05:52+00:00,2,https://reddit.com/r/Apartmentliving/comments/1mm484a/debating_if_this_warrants_an_emergency/,Apartmentliving
1mm3m5m,Hilarious,LaliPop007,1754782566.0,2025-08-09T23:36:06+00:00,3592,https://reddit.com/r/Apartmentliving/comments/1mm3m5m/hilarious/,Apartmentliving
1mm3eoo,just applied for my apartment.... nervous,Ok_Negotiation8960,1754781957.0,2025-08-09T23:25:57+00:00,1,https://reddit.com/r/Apartmentliving/comments/1mm3eoo/just_applied_for_my_apartment_nervous/,Apartmentliving
1mm3bga,Dog peeing on balcony,Rare-Dragonfly-6586,1754781702.0,2025-08-09T23:21:42+00:00,1,https://reddit.com/r/Apartmentliving/comments/1mm3bga/dog_peeing_on_balcony/,Apartmentliving
1mm2ev0,Ask owner to send couple of images of their apartment for later move in,Puzzleheaded-Ad-1343,1754779200.0,2025-08-09T22:40:00+00:00,0,https://reddit.com/r/Apartmentliving/comments/1mm2ev0/ask_owner_to_send_couple_of_images_of_their/,Apartmentliving
1mm290m,Tips for being a respectful upstairs neighbour with wooden floors,babyhelianthus,1754778749.0,2025-08-09T22:32:29+00:00,8,https://reddit.com/r/Apartmentliving/comments/1mm290m/tips_for_being_a_respectful_upstairs_neighbour/,Apartmentliving
1mm28al,Why my rent didn‚Äôt increase this time around,FunkyChickenBalBag,1754778694.0,2025-08-09T22:31:34+00:00,3,https://reddit.com/r/Apartmentliving/comments/1mm28al/why_my_rent_didnt_increase_this_time_around/,Apartmentliving
1mm1x2h,How do I budget?,No_Paramedic4371,1754777841.0,2025-08-09T22:17:21+00:00,1,https://reddit.com/r/Apartmentliving/comments/1mm1x2h/how_do_i_budget/,Apartmentliving
1mm1upn,electric box in apartment basement?,TrashThat9430,1754777660.0,2025-08-09T22:14:20+00:00,2,https://reddit.com/r/Apartmentliving/comments/1mm1upn/electric_box_in_apartment_basement/,Apartmentliving
1mm0msk,Command strips help,pixiethot,1754774446.0,2025-08-09T21:20:46+00:00,3,https://reddit.com/r/Apartmentliving/comments/1mm0msk/command_strips_help/,Apartmentliving
1mm06tf,My apartment has an FPE stab-lok breaker panel. What do I do?,imagreatlistener,1754773312.0,2025-08-09T21:01:52+00:00,1,https://reddit.com/r/Apartmentliving/comments/1mm06tf/my_apartment_has_an_fpe_stablok_breaker_panel/,Apartmentliving
1mm045o,Why was the rent showed on the market much cheaper then on my lease?,Jolly_Parsnip7311,1754773137.0,2025-08-09T20:58:57+00:00,1,https://reddit.com/r/Apartmentliving/comments/1mm045o/why_was_the_rent_showed_on_the_market_much/,Apartmentliving
1mlzuqv,Moving out/Advice on being a tenant all on my own,Plastic-League7190,1754772465.0,2025-08-09T20:47:45+00:00,1,https://reddit.com/r/Apartmentliving/comments/1mlzuqv/moving_outadvice_on_being_a_tenant_all_on_my_own/,Apartmentliving
1mlzkui,Am I supposed to be cleaning this or should my apartment maintenance?,GoddessKillion,1754771755.0,2025-08-09T20:35:55+00:00,114,https://reddit.com/r/Apartmentliving/comments/1mlzkui/am_i_supposed_to_be_cleaning_this_or_should_my/,Apartmentliving
1mlyywa,What could have caused my glass door to shatter?,brokelyn99,1754770200.0,2025-08-09T20:10:00+00:00,20,https://reddit.com/r/Apartmentliving/comments/1mlyywa/what_could_have_caused_my_glass_door_to_shatter/,Apartmentliving
1mlyvsi,Should I be concerned??,Girlypop_xxx,1754769981.0,2025-08-09T20:06:21+00:00,2,https://reddit.com/r/Apartmentliving/comments/1mlyvsi/should_i_be_concerned/,Apartmentliving
1mlybdq,My landlord wants to show my apartment?,Correct_Solution_335,1754768550.0,2025-08-09T19:42:30+00:00,24,https://reddit.com/r/Apartmentliving/comments/1mlybdq/my_landlord_wants_to_show_my_apartment/,Apartmentliving
1mly35s,Any ideas?,Awkward_Amphibian_66,1754767963.0,2025-08-09T19:32:43+00:00,8,https://reddit.com/r/Apartmentliving/comments/1mly35s/any_ideas/,Apartmentliving
1mlx8c6,Property manager asking us to get lost while they try renting out the unit downstairs?,drearymoment,1754765839.0,2025-08-09T18:57:19+00:00,5887,https://reddit.com/r/Apartmentliving/comments/1mlx8c6/property_manager_asking_us_to_get_lost_while_they/,Apartmentliving
1mlwzgw,New upstairs neighbor is so loud. Am I justified in reporting this to management?,incerta,1754765217.0,2025-08-09T18:46:57+00:00,18,https://reddit.com/r/Apartmentliving/comments/1mlwzgw/new_upstairs_neighbor_is_so_loud_am_i_justified/,Apartmentliving
1mluxdb,Can I get evicted for not paying any remaining apartment transfers fees right before move in?,hibzib357,1754760093.0,2025-08-09T17:21:33+00:00,2,https://reddit.com/r/Apartmentliving/comments/1mluxdb/can_i_get_evicted_for_not_paying_any_remaining/,Apartmentliving
1mlulk8,How do I block the smell?,froobsrule1,1754759262.0,2025-08-09T17:07:42+00:00,1,https://reddit.com/r/Apartmentliving/comments/1mlulk8/how_do_i_block_the_smell/,Apartmentliving
1mlsvgs,"BF hasn‚Äôt paid his half of rent, legal has been involved",quality_tears,1754755035.0,2025-08-09T15:57:15+00:00,7,https://reddit.com/r/Apartmentliving/comments/1mlsvgs/bf_hasnt_paid_his_half_of_rent_legal_has_been/,Apartmentliving
1mlst4z,Is my freezer bad?,NeverTooSpicy,1754754868.0,2025-08-09T15:54:28+00:00,3,https://reddit.com/r/Apartmentliving/comments/1mlst4z/is_my_freezer_bad/,Apartmentliving
1mlsrn8,Landlord being indirect about hamsters,R3D4C73D,1754754767.0,2025-08-09T15:52:47+00:00,2,https://reddit.com/r/Apartmentliving/comments/1mlsrn8/landlord_being_indirect_about_hamsters/,Apartmentliving
1mlqkhk,Landlord Painted BathRoom Sink. What can I do?,negativespayce,1754749149.0,2025-08-09T14:19:09+00:00,0,https://reddit.com/r/Apartmentliving/comments/1mlqkhk/landlord_painted_bathroom_sink_what_can_i_do/,Apartmentliving
1mlq38b,Management entered our apartment and stole from us,ProfMags,1754747864.0,2025-08-09T13:57:44+00:00,70,https://reddit.com/r/Apartmentliving/comments/1mlq38b/management_entered_our_apartment_and_stole_from_us/,Apartmentliving
1mlnxqr,Downstairs Neighbor - Noise?,GooseAcceptable8221,1754741549.0,2025-08-09T12:12:29+00:00,3,https://reddit.com/r/Apartmentliving/comments/1mlnxqr/downstairs_neighbor_noise/,Apartmentliving
1mlnplm,Tomorrow I‚Äôm hosting a housewarming party for my/bf apt‚Ä¶,Minimum_Necessary350,1754740823.0,2025-08-09T12:00:23+00:00,2,https://reddit.com/r/Apartmentliving/comments/1mlnplm/tomorrow_im_hosting_a_housewarming_party_for_mybf/,Apartmentliving
1mlnhi8,Gas leak- no hot water for 2 weeks. Apartment won't negotiate rent or accommodations,Windswept_Raspberry,1754740071.0,2025-08-09T11:47:51+00:00,2,https://reddit.com/r/Apartmentliving/comments/1mlnhi8/gas_leak_no_hot_water_for_2_weeks_apartment_wont/,Apartmentliving
1mlnb0b,One of my neighbours scratched my peephole,ProfessionTrue8117,1754739448.0,2025-08-09T11:37:28+00:00,148,https://reddit.com/r/Apartmentliving/comments/1mlnb0b/one_of_my_neighbours_scratched_my_peephole/,Apartmentliving
1mlj0d2,So Fed Up,Crafty_Bother87,1754722580.0,2025-08-09T06:56:20+00:00,10,https://reddit.com/r/Apartmentliving/comments/1mlj0d2/so_fed_up/,Apartmentliving
1mliufy,Saw this on a door in my complex,Neither_Yogurt9603,1754721954.0,2025-08-09T06:45:54+00:00,3698,https://reddit.com/r/Apartmentliving/comments/1mliufy/saw_this_on_a_door_in_my_complex/,Apartmentliving
1mli9ug,I work graves,ayyoo-itsame-rondon,1754719813.0,2025-08-09T06:10:13+00:00,4,https://reddit.com/r/Apartmentliving/comments/1mli9ug/i_work_graves/,Apartmentliving
1mli9dl,What's going on with our AC?,Imstillonholdwtf,1754719766.0,2025-08-09T06:09:26+00:00,4,https://reddit.com/r/Apartmentliving/comments/1mli9dl/whats_going_on_with_our_ac/,Apartmentliving
1mlhvot,Is it worth it?,Antique_Hornet173,1754718378.0,2025-08-09T05:46:18+00:00,2,https://reddit.com/r/Apartmentliving/comments/1mlhvot/is_it_worth_it/,Apartmentliving
1mlhe5w,"Neighbors smoking inside, all our items (including us) stink like cigarettes now",crispyrat69,1754716615.0,2025-08-09T05:16:55+00:00,2,https://reddit.com/r/Apartmentliving/comments/1mlhe5w/neighbors_smoking_inside_all_our_items_including/,Apartmentliving
1mlgw6y,Gross Looking Floor‚Ä¶ what to do?,librapenseur,1754714928.0,2025-08-09T04:48:48+00:00,1,https://reddit.com/r/Apartmentliving/comments/1mlgw6y/gross_looking_floor_what_to_do/,Apartmentliving
1mlgrww,Thinking about moving into a high rise (modern construction) apartment... but there's about to be construction on a build next door. How well sound-proofed are buildings these days?,Fiveby21,1754714537.0,2025-08-09T04:42:17+00:00,1,https://reddit.com/r/Apartmentliving/comments/1mlgrww/thinking_about_moving_into_a_high_rise_modern/,Apartmentliving
1mlgieq,Changes In Leasing Office Norms,Every_Mastodon4808,1754713673.0,2025-08-09T04:27:53+00:00,2,https://reddit.com/r/Apartmentliving/comments/1mlgieq/changes_in_leasing_office_norms/,Apartmentliving
1mlfn73,Unable to view the exact unit before signing the lease,Living-Technician192,1754710911.0,2025-08-09T03:41:51+00:00,0,https://reddit.com/r/Apartmentliving/comments/1mlfn73/unable_to_view_the_exact_unit_before_signing_the/,Apartmentliving
1mlf7vn,AITA - 2 &amp; 4yo,HistoryLate2175,1754709569.0,2025-08-09T03:19:29+00:00,9,https://reddit.com/r/Apartmentliving/comments/1mlf7vn/aita_2_4yo/,Apartmentliving
1mleyd4,Noisy New Neighbors Upstairs,Cautious_Tree3720,1754708756.0,2025-08-09T03:05:56+00:00,10,https://reddit.com/r/Apartmentliving/comments/1mleyd4/noisy_new_neighbors_upstairs/,Apartmentliving
1mleqpj,I‚Äôm struggling with my mental health because of my apartment,Super_Spirit1550,1754708110.0,2025-08-09T02:55:10+00:00,1,https://reddit.com/r/Apartmentliving/comments/1mleqpj/im_struggling_with_my_mental_health_because_of_my/,Apartmentliving
1mle5jg,Upstairs neighbor is a single mother of 5. HELP!,kristyn91,1754706335.0,2025-08-09T02:25:35+00:00,33,https://reddit.com/r/Apartmentliving/comments/1mle5jg/upstairs_neighbor_is_a_single_mother_of_5_help/,Apartmentliving
1mlczm7,Children and Noise,zygotepariah,1754702923.0,2025-08-09T01:28:43+00:00,11,https://reddit.com/r/Apartmentliving/comments/1mlczm7/children_and_noise/,Apartmentliving
1mlcqqq,How to ask my elderly neighbor if she needs help?,electric_taffy,1754702204.0,2025-08-09T01:16:44+00:00,7,https://reddit.com/r/Apartmentliving/comments/1mlcqqq/how_to_ask_my_elderly_neighbor_if_she_needs_help/,Apartmentliving
1mlcg6y,Isn‚Äôt this supposed to have a filter covering the whole thing?,Kitsybitsy69,1754701367.0,2025-08-09T01:02:47+00:00,2,https://reddit.com/r/Apartmentliving/comments/1mlcg6y/isnt_this_supposed_to_have_a_filter_covering_the/,Apartmentliving
1mlc3lm,Property Manager gaslighting me. Need help finding proof.,Difficult_Debate102,1754700363.0,2025-08-09T00:46:03+00:00,3,https://reddit.com/r/Apartmentliving/comments/1mlc3lm/property_manager_gaslighting_me_need_help_finding/,Apartmentliving
1mlbzhp,Update; Roommate did actually clean his room. Sort of.,Illidari_Kuvira,1754700031.0,2025-08-09T00:40:31+00:00,3,https://reddit.com/r/Apartmentliving/comments/1mlbzhp/update_roommate_did_actually_clean_his_room_sort/,Apartmentliving
1mlbi9f,Have You Ever Moved Out Before Your Lease Ended?,L0verofPink,1754698685.0,2025-08-09T00:18:05+00:00,12,https://reddit.com/r/Apartmentliving/comments/1mlbi9f/have_you_ever_moved_out_before_your_lease_ended/,Apartmentliving
1mlbdi6,"Water pressure, hot/cold water issues!",Puzzleheaded_Main172,1754698306.0,2025-08-09T00:11:46+00:00,2,https://reddit.com/r/Apartmentliving/comments/1mlbdi6/water_pressure_hotcold_water_issues/,Apartmentliving
1mlavrf,Moving fridge and food from apartment to apartment (5 miles) - Tips?,NewGrab8226,1754696962.0,2025-08-08T23:49:22+00:00,2,https://reddit.com/r/Apartmentliving/comments/1mlavrf/moving_fridge_and_food_from_apartment_to/,Apartmentliving
1ml9fr8,Advice on being the downstairs neighbor,ashlin33,1754693115.0,2025-08-08T22:45:15+00:00,4,https://reddit.com/r/Apartmentliving/comments/1ml9fr8/advice_on_being_the_downstairs_neighbor/,Apartmentliving
1ml84re,"I let a family tour My apartment because they were wondering what the units look like, was this a mistake ?",Electrical_Job_5163,1754689769.0,2025-08-08T21:49:29+00:00,44,https://reddit.com/r/Apartmentliving/comments/1ml84re/i_let_a_family_tour_my_apartment_because_they/,Apartmentliving
1ml81y7,I need privacy advice for my patio,Project-YoRHa,1754689570.0,2025-08-08T21:46:10+00:00,26,https://reddit.com/r/Apartmentliving/comments/1ml81y7/i_need_privacy_advice_for_my_patio/,Apartmentliving
1ml7ty0,AC broke and landlord slow to respond,Empty_Tank_3923,1754689015.0,2025-08-08T21:36:55+00:00,2,https://reddit.com/r/Apartmentliving/comments/1ml7ty0/ac_broke_and_landlord_slow_to_respond/,Apartmentliving
1ml77mk,What‚Äôs great about apartment living?,No-Motor-5374,1754687500.0,2025-08-08T21:11:40+00:00,38,https://reddit.com/r/Apartmentliving/comments/1ml77mk/whats_great_about_apartment_living/,Apartmentliving
1ml65sj,Find Rent Deals,austinmartech,1754684973.0,2025-08-08T20:29:33+00:00,1,https://reddit.com/r/Apartmentliving/comments/1ml65sj/find_rent_deals/,Apartmentliving
1ml6017,Safety Code Requirements: Re: Windowless Room/Loft Bed,HalcyonHeartbeat,1754684594.0,2025-08-08T20:23:14+00:00,1,https://reddit.com/r/Apartmentliving/comments/1ml6017/safety_code_requirements_re_windowless_roomloft/,Apartmentliving
1ml5p9b,"Moved my bed and absolutely effed this flooring, looks like im not getting my deposit backü§¶‚Äç‚ôÇÔ∏è",Bluedoge-,1754683877.0,2025-08-08T20:11:17+00:00,40,https://reddit.com/r/Apartmentliving/comments/1ml5p9b/moved_my_bed_and_absolutely_effed_this_flooring/,Apartmentliving
1ml5ikk,"Trapped in a lease, what do I do?",cherrycruise,1754683437.0,2025-08-08T20:03:57+00:00,2,https://reddit.com/r/Apartmentliving/comments/1ml5ikk/trapped_in_a_lease_what_do_i_do/,Apartmentliving
1ml57d6,Should I apologize to my downstairs neighbor?,wehzeh,1754682716.0,2025-08-08T19:51:56+00:00,22,https://reddit.com/r/Apartmentliving/comments/1ml57d6/should_i_apologize_to_my_downstairs_neighbor/,Apartmentliving
1ml5780,Windows slightly busted and makes summer heat unbearable. Need help.,Peachringsss,1754682707.0,2025-08-08T19:51:47+00:00,1,https://reddit.com/r/Apartmentliving/comments/1ml5780/windows_slightly_busted_and_makes_summer_heat/,Apartmentliving
1ml4i08,Lease renewal time...,SurroundRoutine3107,1754681047.0,2025-08-08T19:24:07+00:00,2,https://reddit.com/r/Apartmentliving/comments/1ml4i08/lease_renewal_time/,Apartmentliving
1ml3orm,Can‚Äôt stop chuckling,RealLuxTempo,1754679179.0,2025-08-08T18:52:59+00:00,100,https://reddit.com/r/Apartmentliving/comments/1ml3orm/cant_stop_chuckling/,Apartmentliving
1ml37im,The people that live above you are just assholes,UpstairsResearcher40,1754678083.0,2025-08-08T18:34:43+00:00,801,https://reddit.com/r/Apartmentliving/comments/1ml37im/the_people_that_live_above_you_are_just_assholes/,Apartmentliving
1ml35h5,Did I fail my inspection?,Hot_Proposal9976,1754677960.0,2025-08-08T18:32:40+00:00,2,https://reddit.com/r/Apartmentliving/comments/1ml35h5/did_i_fail_my_inspection/,Apartmentliving
1ml2zgz,Upstairs Neighbor,Slow_Armadillo_9129,1754677564.0,2025-08-08T18:26:04+00:00,20,https://reddit.com/r/Apartmentliving/comments/1ml2zgz/upstairs_neighbor/,Apartmentliving
1ml2p7d,Frustrated!,Alwaysgroww,1754676912.0,2025-08-08T18:15:12+00:00,0,https://reddit.com/r/Apartmentliving/comments/1ml2p7d/frustrated/,Apartmentliving
1ml1q3x,How do I move things around to give more space?,Ash_Pokemon_,1754674698.0,2025-08-08T17:38:18+00:00,0,https://reddit.com/r/Apartmentliving/comments/1ml1q3x/how_do_i_move_things_around_to_give_more_space/,Apartmentliving
1ml13vk,Mildly Infuriating,AdAsleep7263,1754673298.0,2025-08-08T17:14:58+00:00,6,https://reddit.com/r/Apartmentliving/comments/1ml13vk/mildly_infuriating/,Apartmentliving
1ml13bk,Bright light shining inside,Creative_Elk_5112,1754673263.0,2025-08-08T17:14:23+00:00,1,https://reddit.com/r/Apartmentliving/comments/1ml13bk/bright_light_shining_inside/,Apartmentliving
1ml0b6n,How to get this off my shower wall?,teeth1najar,1754671511.0,2025-08-08T16:45:11+00:00,4,https://reddit.com/r/Apartmentliving/comments/1ml0b6n/how_to_get_this_off_my_shower_wall/,Apartmentliving
1mkzwfg,What to do about mold/mildew and can‚Äôt move,jcebabe,1754670574.0,2025-08-08T16:29:34+00:00,1,https://reddit.com/r/Apartmentliving/comments/1mkzwfg/what_to_do_about_moldmildew_and_cant_move/,Apartmentliving
1mkzt4u,stay in a 3x3 alone or move to a 2x2,Business_Clerk_3522,1754670365.0,2025-08-08T16:26:05+00:00,2,https://reddit.com/r/Apartmentliving/comments/1mkzt4u/stay_in_a_3x3_alone_or_move_to_a_2x2/,Apartmentliving
1mkzhxb,Curtains,ShadowHunter547,1754669662.0,2025-08-08T16:14:22+00:00,1,https://reddit.com/r/Apartmentliving/comments/1mkzhxb/curtains/,Apartmentliving
1mkz7pc,Shower mold,kittyvibesbaby,1754669021.0,2025-08-08T16:03:41+00:00,11,https://reddit.com/r/Apartmentliving/comments/1mkz7pc/shower_mold/,Apartmentliving
1mkyz16,using windows in apartment while trying to stay safe,cherieespresso,1754668498.0,2025-08-08T15:54:58+00:00,9,https://reddit.com/r/Apartmentliving/comments/1mkyz16/using_windows_in_apartment_while_trying_to_stay/,Apartmentliving
1mkyxqc,tips for staying safe as a young girl in her first apartment?,cherieespresso,1754668414.0,2025-08-08T15:53:34+00:00,17,https://reddit.com/r/Apartmentliving/comments/1mkyxqc/tips_for_staying_safe_as_a_young_girl_in_her/,Apartmentliving
1mkyo87,Email from Management,Interesting-Soup5920,1754667838.0,2025-08-08T15:43:58+00:00,0,https://reddit.com/r/Apartmentliving/comments/1mkyo87/email_from_management/,Apartmentliving
1mkxs21,Deadlock Options,pink-elephant617,1754665778.0,2025-08-08T15:09:38+00:00,1,https://reddit.com/r/Apartmentliving/comments/1mkxs21/deadlock_options/,Apartmentliving
1mkwb1w,Application question!,Substantial_Big_5024,1754662326.0,2025-08-08T14:12:06+00:00,1,https://reddit.com/r/Apartmentliving/comments/1mkwb1w/application_question/,Apartmentliving
1mkuccu,Do you guys hang your tv and/or put up shelves?,Acceptable_Gap_1932,1754657453.0,2025-08-08T12:50:53+00:00,5,https://reddit.com/r/Apartmentliving/comments/1mkuccu/do_you_guys_hang_your_tv_andor_put_up_shelves/,Apartmentliving
1mku0hr,Should I stay or should I go (roaches),houseplant_whisperer,1754656559.0,2025-08-08T12:35:59+00:00,1,https://reddit.com/r/Apartmentliving/comments/1mku0hr/should_i_stay_or_should_i_go_roaches/,Apartmentliving
1mkt6ru,Neighbors alarm goes off every morning at about 5:00 am for 3 hours,Complete_Mine5530,1754654200.0,2025-08-08T11:56:40+00:00,11,https://reddit.com/r/Apartmentliving/comments/1mkt6ru/neighbors_alarm_goes_off_every_morning_at_about/,Apartmentliving
1mkqy8y,Banging from downstairs neighbor.,Traditional_Unit6055,1754646607.0,2025-08-08T09:50:07+00:00,2,https://reddit.com/r/Apartmentliving/comments/1mkqy8y/banging_from_downstairs_neighbor/,Apartmentliving
1mkqm0x,Is this normal?,Oleander_oliver,1754645273.0,2025-08-08T09:27:53+00:00,76,https://reddit.com/r/Apartmentliving/comments/1mkqm0x/is_this_normal/,Apartmentliving
1mkpu5n,Sleeping in Car Due to Obnoxious Neighbors,Broad_Future5811,1754642203.0,2025-08-08T08:36:43+00:00,15,https://reddit.com/r/Apartmentliving/comments/1mkpu5n/sleeping_in_car_due_to_obnoxious_neighbors/,Apartmentliving
1mkpsh7,Everyone Please document everything,Effervescence_101,1754642011.0,2025-08-08T08:33:31+00:00,43,https://reddit.com/r/Apartmentliving/comments/1mkpsh7/everyone_please_document_everything/,Apartmentliving
1mkmjc0,"upstairs neighbors violating lease with noise, landlord refusing to act or accommodate my disability",Full-Athlete7145,1754629924.0,2025-08-08T05:12:04+00:00,0,https://reddit.com/r/Apartmentliving/comments/1mkmjc0/upstairs_neighbors_violating_lease_with_noise/,Apartmentliving
1mkmcx4,Something needs to change with apartment living.,Super_Spirit1550,1754629315.0,2025-08-08T05:01:55+00:00,285,https://reddit.com/r/Apartmentliving/comments/1mkmcx4/something_needs_to_change_with_apartment_living/,Apartmentliving
1mkly3v,Humid laundry room,Puzzleheaded-Pen-955,1754627976.0,2025-08-08T04:39:36+00:00,0,https://reddit.com/r/Apartmentliving/comments/1mkly3v/humid_laundry_room/,Apartmentliving
1mkltke,Apartment from hell,karajoy665,1754627562.0,2025-08-08T04:32:42+00:00,8,https://reddit.com/r/Apartmentliving/comments/1mkltke/apartment_from_hell/,Apartmentliving
1mkl5us,Children's Names/Approval,SwtMiranda509,1754625512.0,2025-08-08T03:58:32+00:00,1,https://reddit.com/r/Apartmentliving/comments/1mkl5us/childrens_namesapproval/,Apartmentliving
1mkkh9w,Why do I smell my upstairs neighbors cooking?,Deku_Hyruler,1754623386.0,2025-08-08T03:23:06+00:00,0,https://reddit.com/r/Apartmentliving/comments/1mkkh9w/why_do_i_smell_my_upstairs_neighbors_cooking/,Apartmentliving
1mkjwjy,Dogs,allie686,1754621643.0,2025-08-08T02:54:03+00:00,1,https://reddit.com/r/Apartmentliving/comments/1mkjwjy/dogs/,Apartmentliving
1mkje3d,This is weird but I keep crying (happy tears),Super_Spirit1550,1754620129.0,2025-08-08T02:28:49+00:00,19,https://reddit.com/r/Apartmentliving/comments/1mkje3d/this_is_weird_but_i_keep_crying_happy_tears/,Apartmentliving
1mkimuz,Someone changed my locks,Jolly-Ideal-9280,1754617962.0,2025-08-08T01:52:42+00:00,8,https://reddit.com/r/Apartmentliving/comments/1mkimuz/someone_changed_my_locks/,Apartmentliving
1mkgroo,Petty or should I speak up?,Konouchii,1754612708.0,2025-08-08T00:25:08+00:00,1,https://reddit.com/r/Apartmentliving/comments/1mkgroo/petty_or_should_i_speak_up/,Apartmentliving
1mkg1nr,shower rail hooks,TheZip_,1754610710.0,2025-08-07T23:51:50+00:00,1,https://reddit.com/r/Apartmentliving/comments/1mkg1nr/shower_rail_hooks/,Apartmentliving
1mkfyrt,What is this bug and should I be concerned?,Lovely-flowers,1754610481.0,2025-08-07T23:48:01+00:00,2,https://reddit.com/r/Apartmentliving/comments/1mkfyrt/what_is_this_bug_and_should_i_be_concerned/,Apartmentliving
1mkfuqy,Disaster after disaster,lucidlunarlatte,1754610186.0,2025-08-07T23:43:06+00:00,39,https://reddit.com/r/Apartmentliving/comments/1mkfuqy/disaster_after_disaster/,Apartmentliving
1mkfduj,Sewage back up and growth in my apartment,Practice100,1754608948.0,2025-08-07T23:22:28+00:00,5,https://reddit.com/r/Apartmentliving/comments/1mkfduj/sewage_back_up_and_growth_in_my_apartment/,Apartmentliving
1mketox,messy neighbors .,alcalaviccigirl,1754607499.0,2025-08-07T22:58:19+00:00,0,https://reddit.com/r/Apartmentliving/comments/1mketox/messy_neighbors/,Apartmentliving
1mkdz9i,I need idea on how to hide my broom space,falseopertator,1754605358.0,2025-08-07T22:22:38+00:00,3,https://reddit.com/r/Apartmentliving/comments/1mkdz9i/i_need_idea_on_how_to_hide_my_broom_space/,Apartmentliving
1mkdwum,Roommate to living alone,Best_Recover,1754605187.0,2025-08-07T22:19:47+00:00,2,https://reddit.com/r/Apartmentliving/comments/1mkdwum/roommate_to_living_alone/,Apartmentliving
1mkdp6x,Fridge issues??,Awkward_Register_470,1754604651.0,2025-08-07T22:10:51+00:00,4,https://reddit.com/r/Apartmentliving/comments/1mkdp6x/fridge_issues/,Apartmentliving
1mkbmpe,Bright light outside window üòü,mayaisk0z,1754599744.0,2025-08-07T20:49:04+00:00,32,https://reddit.com/r/Apartmentliving/comments/1mkbmpe/bright_light_outside_window/,Apartmentliving
1mkb44f,Update: neighbours who left furniture in the hallway overnight blocking the stairs and door.,0bsolescencee,1754598538.0,2025-08-07T20:28:58+00:00,6437,https://reddit.com/r/Apartmentliving/comments/1mkb44f/update_neighbours_who_left_furniture_in_the/,Apartmentliving
1mkax5m,Cleansing the area for the next tenant.,AsideEmbarrassed7363,1754598094.0,2025-08-07T20:21:34+00:00,3,https://reddit.com/r/Apartmentliving/comments/1mkax5m/cleansing_the_area_for_the_next_tenant/,Apartmentliving
1mka94z,what am I moving into??,genderlesswiles,1754596579.0,2025-08-07T19:56:19+00:00,15,https://reddit.com/r/Apartmentliving/comments/1mka94z/what_am_i_moving_into/,Apartmentliving
1mk96q1,Fire Alarm keeps going off. About to lose it.,Matt8992,1754594113.0,2025-08-07T19:15:13+00:00,2,https://reddit.com/r/Apartmentliving/comments/1mk96q1/fire_alarm_keeps_going_off_about_to_lose_it/,Apartmentliving
1mk93qb,Advice for complaints from noisy upstairs neighbors ?,PiesAndPot,1754593924.0,2025-08-07T19:12:04+00:00,10,https://reddit.com/r/Apartmentliving/comments/1mk93qb/advice_for_complaints_from_noisy_upstairs/,Apartmentliving
1mk8ips,Best desk that can double for computer work/art desk,OpeningTea894,1754592599.0,2025-08-07T18:49:59+00:00,0,https://reddit.com/r/Apartmentliving/comments/1mk8ips/best_desk_that_can_double_for_computer_workart/,Apartmentliving
1mk88zz,We always hear about bad neighbor situations. Anyone have some good neighbor situations you're appreciative of?,Ok-Connection6656,1754591990.0,2025-08-07T18:39:50+00:00,7,https://reddit.com/r/Apartmentliving/comments/1mk88zz/we_always_hear_about_bad_neighbor_situations/,Apartmentliving
1mk87hf,Should I contest my Move-Out Statement?,Practical-Net-5935,1754591896.0,2025-08-07T18:38:16+00:00,2,https://reddit.com/r/Apartmentliving/comments/1mk87hf/should_i_contest_my_moveout_statement/,Apartmentliving
1mk86gl,How to keep ticks out,lukasbauka,1754591825.0,2025-08-07T18:37:05+00:00,1,https://reddit.com/r/Apartmentliving/comments/1mk86gl/how_to_keep_ticks_out/,Apartmentliving
1mk7j58,how would i know if my area is safe?,SpellRadiant1650,1754590361.0,2025-08-07T18:12:41+00:00,2,https://reddit.com/r/Apartmentliving/comments/1mk7j58/how_would_i_know_if_my_area_is_safe/,Apartmentliving
1mk7ci2,confused about my water bill,Independent_Lynx1389,1754589943.0,2025-08-07T18:05:43+00:00,1,https://reddit.com/r/Apartmentliving/comments/1mk7ci2/confused_about_my_water_bill/,Apartmentliving
1mk6p97,Red flags to look for when apartment hunting?,katokk,1754588498.0,2025-08-07T17:41:38+00:00,1,https://reddit.com/r/Apartmentliving/comments/1mk6p97/red_flags_to_look_for_when_apartment_hunting/,Apartmentliving
1mk6j6s,Locked out of my apartment,AcanthaceaeQuiet3288,1754588127.0,2025-08-07T17:35:27+00:00,2,https://reddit.com/r/Apartmentliving/comments/1mk6j6s/locked_out_of_my_apartment/,Apartmentliving
1mk66u9,Flex Rent can‚Äôt tell if rent went through PLEASE help,kittys_cult,1754587360.0,2025-08-07T17:22:40+00:00,1,https://reddit.com/r/Apartmentliving/comments/1mk66u9/flex_rent_cant_tell_if_rent_went_through_please/,Apartmentliving
1mk5t04,Suggestions for bathroom not drying properly?,KookyCap3295,1754586507.0,2025-08-07T17:08:27+00:00,1,https://reddit.com/r/Apartmentliving/comments/1mk5t04/suggestions_for_bathroom_not_drying_properly/,Apartmentliving
1mk5i74,loophole?,cheetahred34,1754585852.0,2025-08-07T16:57:32+00:00,0,https://reddit.com/r/Apartmentliving/comments/1mk5i74/loophole/,Apartmentliving
1mk4pv2,Reported my downstairs neighbor and I feel bad lol am I overreacting,lowkeypussy,1754584070.0,2025-08-07T16:27:50+00:00,71,https://reddit.com/r/Apartmentliving/comments/1mk4pv2/reported_my_downstairs_neighbor_and_i_feel_bad/,Apartmentliving
1mk4gd2,Electric Bill Skyrocketed,CautiousBreakfast215,1754583468.0,2025-08-07T16:17:48+00:00,2,https://reddit.com/r/Apartmentliving/comments/1mk4gd2/electric_bill_skyrocketed/,Apartmentliving
1mk3u2r,How do I baby proof this?,Goonbackup1,1754582088.0,2025-08-07T15:54:48+00:00,47,https://reddit.com/r/Apartmentliving/comments/1mk3u2r/how_do_i_baby_proof_this/,Apartmentliving
1mk36pm,Landlord wrote weird check,Kite_Tailz,1754580595.0,2025-08-07T15:29:55+00:00,7,https://reddit.com/r/Apartmentliving/comments/1mk36pm/landlord_wrote_weird_check/,Apartmentliving
1mk2kwv,Advice for Parents of Young Kids,boringsuburbanmom,1754579216.0,2025-08-07T15:06:56+00:00,2,https://reddit.com/r/Apartmentliving/comments/1mk2kwv/advice_for_parents_of_young_kids/,Apartmentliving
1mk24v9,Our hell of a first week in a new apartment.,Imstillonholdwtf,1754578210.0,2025-08-07T14:50:10+00:00,7,https://reddit.com/r/Apartmentliving/comments/1mk24v9/our_hell_of_a_first_week_in_a_new_apartment/,Apartmentliving
1mk1lqd,Flies everywhere all of a sudden,Donkodoes,1754576946.0,2025-08-07T14:29:06+00:00,56,https://reddit.com/r/Apartmentliving/comments/1mk1lqd/flies_everywhere_all_of_a_sudden/,Apartmentliving
1mk1h9g,Asking for solution,KayDinb,1754576659.0,2025-08-07T14:24:19+00:00,0,https://reddit.com/r/Apartmentliving/comments/1mk1h9g/asking_for_solution/,Apartmentliving
1mk00k9,Get too tired to finish moving in? Might as well just get your stuff out of the uhaul into the hallway. Foe the night.,0bsolescencee,1754573059.0,2025-08-07T13:24:19+00:00,59,https://reddit.com/r/Apartmentliving/comments/1mk00k9/get_too_tired_to_finish_moving_in_might_as_well/,Apartmentliving
1mjzr1q,What do you do?,Snoo_39436,1754572401.0,2025-08-07T13:13:21+00:00,2,https://reddit.com/r/Apartmentliving/comments/1mjzr1q/what_do_you_do/,Apartmentliving
1mjzp9e,upstairs stomping,Apprehensive_Place51,1754572280.0,2025-08-07T13:11:20+00:00,2,https://reddit.com/r/Apartmentliving/comments/1mjzp9e/upstairs_stomping/,Apartmentliving
1mjyv2l,SMH,Icy_Razzmatazz2079,1754570076.0,2025-08-07T12:34:36+00:00,75,https://reddit.com/r/Apartmentliving/comments/1mjyv2l/smh/,Apartmentliving
1mjy3z0,Hoses that connect to a kitchen sink?,Stargazerlily425,1754567924.0,2025-08-07T11:58:44+00:00,1,https://reddit.com/r/Apartmentliving/comments/1mjy3z0/hoses_that_connect_to_a_kitchen_sink/,Apartmentliving
1mjxlux,Does anyone else fight back in the noise war?,Brutal_Because,1754566392.0,2025-08-07T11:33:12+00:00,45,https://reddit.com/r/Apartmentliving/comments/1mjxlux/does_anyone_else_fight_back_in_the_noise_war/,Apartmentliving
1mjvore,My neighbor leaves their trash next to the chute instead of in it,Valuable_Corner_3940,1754559741.0,2025-08-07T09:42:21+00:00,80,https://reddit.com/r/Apartmentliving/comments/1mjvore/my_neighbor_leaves_their_trash_next_to_the_chute/,Apartmentliving
1mjsac4,Maybe mold? Help me decide.,PopularPanda98,1754546778.0,2025-08-07T06:06:18+00:00,1,https://reddit.com/r/Apartmentliving/comments/1mjsac4/maybe_mold_help_me_decide/,Apartmentliving
1mjrt69,What kind of vent is better for air circulation ?,Ok-Contribution-8776,1754545088.0,2025-08-07T05:38:08+00:00,2,https://reddit.com/r/Apartmentliving/comments/1mjrt69/what_kind_of_vent_is_better_for_air_circulation/,Apartmentliving
1mjrrij,Loud Upstairs Neighbor,Artistic_Web_486,1754544929.0,2025-08-07T05:35:29+00:00,1,https://reddit.com/r/Apartmentliving/comments/1mjrrij/loud_upstairs_neighbor/,Apartmentliving
1mjqklz,Is living with sewage smell acceptable?,WDYTtho,1754540902.0,2025-08-07T04:28:22+00:00,5,https://reddit.com/r/Apartmentliving/comments/1mjqklz/is_living_with_sewage_smell_acceptable/,Apartmentliving
1mjpwn5,Advice,Illustrious_Dingo361,1754538795.0,2025-08-07T03:53:15+00:00,0,https://reddit.com/r/Apartmentliving/comments/1mjpwn5/advice/,Apartmentliving
1mjpnp1,Cigarette smell- Help!!!,Desperate_Stomach_68,1754538010.0,2025-08-07T03:40:10+00:00,5,https://reddit.com/r/Apartmentliving/comments/1mjpnp1/cigarette_smell_help/,Apartmentliving
1mjpmoe,I feel kinda paranoid but‚Ä¶ I think someone might be coming into our apartment? Any harmless ‚Äúbooby trap‚Äù ideas before I buy a camera?,AdvantageAcrobatic33,1754537920.0,2025-08-07T03:38:40+00:00,29,https://reddit.com/r/Apartmentliving/comments/1mjpmoe/i_feel_kinda_paranoid_but_i_think_someone_might/,Apartmentliving
1mjoop7,Strange Smell in Bedrooms,vegabondx,1754535102.0,2025-08-07T02:51:42+00:00,2,https://reddit.com/r/Apartmentliving/comments/1mjoop7/strange_smell_in_bedrooms/,Apartmentliving
1mjonho,ROACHES‚Ä¶,coffeeeyes_,1754534997.0,2025-08-07T02:49:57+00:00,4,https://reddit.com/r/Apartmentliving/comments/1mjonho/roaches/,Apartmentliving
1mjnmrp,AC Leaking,Uniicornsarerealyo,1754532094.0,2025-08-07T02:01:34+00:00,3,https://reddit.com/r/Apartmentliving/comments/1mjnmrp/ac_leaking/,Apartmentliving
1mjnf56,Has anyone ever gotten money back from a landlord. (Florida) Feeling Stuck.,GiraffesDrinking,1754531508.0,2025-08-07T01:51:48+00:00,2,https://reddit.com/r/Apartmentliving/comments/1mjnf56/has_anyone_ever_gotten_money_back_from_a_landlord/,Apartmentliving
1mjnabz,Apartment Reeks of Dog,Em_Designs,1754531134.0,2025-08-07T01:45:34+00:00,0,https://reddit.com/r/Apartmentliving/comments/1mjnabz/apartment_reeks_of_dog/,Apartmentliving
1mjmzm5,Neighbor wants WiFi password for camera,poopsinmybutts,1754530317.0,2025-08-07T01:31:57+00:00,29,https://reddit.com/r/Apartmentliving/comments/1mjmzm5/neighbor_wants_wifi_password_for_camera/,Apartmentliving
1mjmvib,4unit apartment,International_Rip482,1754529996.0,2025-08-07T01:26:36+00:00,1,https://reddit.com/r/Apartmentliving/comments/1mjmvib/4unit_apartment/,Apartmentliving
1mjlt1i,Upstairs neighbor walking around 24/7,Ihavecommitedarson,1754527063.0,2025-08-07T00:37:43+00:00,3,https://reddit.com/r/Apartmentliving/comments/1mjlt1i/upstairs_neighbor_walking_around_247/,Apartmentliving
1mjlmii,How much would you pay movers if you‚Äôre moving within the same building??,yassification123,1754526568.0,2025-08-07T00:29:28+00:00,2,https://reddit.com/r/Apartmentliving/comments/1mjlmii/how_much_would_you_pay_movers_if_youre_moving/,Apartmentliving
1mjkos2,A house doesn't grant anyone immunity from sh*tty neighbors.,HotMess_DoIt,1754524073.0,2025-08-06T23:47:53+00:00,263,https://reddit.com/r/Apartmentliving/comments/1mjkos2/a_house_doesnt_grant_anyone_immunity_from_shtty/,Apartmentliving
1mjkgo9,Best washer/dryer for apartment?,apeocalypyic,1754523493.0,2025-08-06T23:38:13+00:00,1,https://reddit.com/r/Apartmentliving/comments/1mjkgo9/best_washerdryer_for_apartment/,Apartmentliving
1mjkf50,Dramatic downstairs neighbors üòï,hairgoddess69,1754523386.0,2025-08-06T23:36:26+00:00,0,https://reddit.com/r/Apartmentliving/comments/1mjkf50/dramatic_downstairs_neighbors/,Apartmentliving
1mjk598,Window Film,ginger_princess2009,1754522690.0,2025-08-06T23:24:50+00:00,2,https://reddit.com/r/Apartmentliving/comments/1mjk598/window_film/,Apartmentliving
1mjk2z2,"TV sound carrying up to the neighbour's apartment, apparently through the wall.",kane_1371,1754522520.0,2025-08-06T23:22:00+00:00,1,https://reddit.com/r/Apartmentliving/comments/1mjk2z2/tv_sound_carrying_up_to_the_neighbours_apartment/,Apartmentliving
1mjjycn,Noise complaints from downstairs neighbors who moved in last month,Pale_Preference_695,1754522184.0,2025-08-06T23:16:24+00:00,1,https://reddit.com/r/Apartmentliving/comments/1mjjycn/noise_complaints_from_downstairs_neighbors_who/,Apartmentliving
1mjjsih,Mold testing update,Limitlessperfection,1754521767.0,2025-08-06T23:09:27+00:00,2,https://reddit.com/r/Apartmentliving/comments/1mjjsih/mold_testing_update/,Apartmentliving
1mjjsen,Other apartments in the building are more up-to-date than ours. Can we ask our landlord to update?,YoungMozartinaGoKart,1754521760.0,2025-08-06T23:09:20+00:00,0,https://reddit.com/r/Apartmentliving/comments/1mjjsen/other_apartments_in_the_building_are_more/,Apartmentliving
1mjj130,"Corporate apartment trying to make me move with only five days notice in Denver, CO",ElyIsANerd,1754519857.0,2025-08-06T22:37:37+00:00,2,https://reddit.com/r/Apartmentliving/comments/1mjj130/corporate_apartment_trying_to_make_me_move_with/,Apartmentliving
1mjihuc,Mold in vents,EveningTitle4686,1754518571.0,2025-08-06T22:16:11+00:00,1,https://reddit.com/r/Apartmentliving/comments/1mjihuc/mold_in_vents/,Apartmentliving
1mjgbbw,Reasonable to expect my parking fee to be waived next month?,No-Basket-3817,1754513460.0,2025-08-06T20:51:00+00:00,1,https://reddit.com/r/Apartmentliving/comments/1mjgbbw/reasonable_to_expect_my_parking_fee_to_be_waived/,Apartmentliving
1mjfz83,Someone opened our back door at 3am,1hundo_apricot,1754512689.0,2025-08-06T20:38:09+00:00,48,https://reddit.com/r/Apartmentliving/comments/1mjfz83/someone_opened_our_back_door_at_3am/,Apartmentliving
1mjfvau,First time renting,Diligent-Hurry-8162,1754512432.0,2025-08-06T20:33:52+00:00,1,https://reddit.com/r/Apartmentliving/comments/1mjfvau/first_time_renting/,Apartmentliving
1mjfoj3,Lease error?,Professional-Yak-34,1754511995.0,2025-08-06T20:26:35+00:00,1,https://reddit.com/r/Apartmentliving/comments/1mjfoj3/lease_error/,Apartmentliving
1mjffxl,Flex Rent Payment,marehausley,1754511445.0,2025-08-06T20:17:25+00:00,1,https://reddit.com/r/Apartmentliving/comments/1mjffxl/flex_rent_payment/,Apartmentliving
1mjepw0,I‚Äôm sure my upstairs neighbor is smoking in their bedroom.,IntegralCurb,1754509797.0,2025-08-06T19:49:57+00:00,6,https://reddit.com/r/Apartmentliving/comments/1mjepw0/im_sure_my_upstairs_neighbor_is_smoking_in_their/,Apartmentliving
1mjdvbs,A Minor Roach Problem,DramaticAd7670,1754507836.0,2025-08-06T19:17:16+00:00,1,https://reddit.com/r/Apartmentliving/comments/1mjdvbs/a_minor_roach_problem/,Apartmentliving
1mjd92t,What do I do,Zealousideal-Buy-548,1754506446.0,2025-08-06T18:54:06+00:00,12,https://reddit.com/r/Apartmentliving/comments/1mjd92t/what_do_i_do/,Apartmentliving
1mjckbp,Is this something to worry about?,It_Knocks_Only_Once,1754504903.0,2025-08-06T18:28:23+00:00,2,https://reddit.com/r/Apartmentliving/comments/1mjckbp/is_this_something_to_worry_about/,Apartmentliving
1mjb2rk,Rentgrow displayed wrong score on Adverse Action Letter,Prettiest0ne,1754501541.0,2025-08-06T17:32:21+00:00,1,https://reddit.com/r/Apartmentliving/comments/1mjb2rk/rentgrow_displayed_wrong_score_on_adverse_action/,Apartmentliving
1mj9pbi,It‚Äôs so annoying having stompers above you :-),bowtiedgrappler,1754498490.0,2025-08-06T16:41:30+00:00,0,https://reddit.com/r/Apartmentliving/comments/1mj9pbi/its_so_annoying_having_stompers_above_you/,Apartmentliving
1mj9edg,Stuffy Air in Bedroom Only,Brilliant-Swan4767,1754497802.0,2025-08-06T16:30:02+00:00,2,https://reddit.com/r/Apartmentliving/comments/1mj9edg/stuffy_air_in_bedroom_only/,Apartmentliving
1mj7csq,Neighbor's Subwoofer: Night vs. Day,SennheiserPass,1754493235.0,2025-08-06T15:13:55+00:00,3,https://reddit.com/r/Apartmentliving/comments/1mj7csq/neighbors_subwoofer_night_vs_day/,Apartmentliving
1mj6rxa,How do I make sure I don't get tricked?,AjustedData374,1754491925.0,2025-08-06T14:52:05+00:00,1,https://reddit.com/r/Apartmentliving/comments/1mj6rxa/how_do_i_make_sure_i_dont_get_tricked/,Apartmentliving
1mj6im2,Has anyone else had a damage waiver program?,kf2422,1754491324.0,2025-08-06T14:42:04+00:00,0,https://reddit.com/r/Apartmentliving/comments/1mj6im2/has_anyone_else_had_a_damage_waiver_program/,Apartmentliving
1mj50v2,Can they bill me the early termination fee + 2 months rent?,you-restalking,1754487741.0,2025-08-06T13:42:21+00:00,9,https://reddit.com/r/Apartmentliving/comments/1mj50v2/can_they_bill_me_the_early_termination_fee_2/,Apartmentliving
1mj49vk,Closet rack fell off wall,Expensive_Chapter_87,1754485838.0,2025-08-06T13:10:38+00:00,6,https://reddit.com/r/Apartmentliving/comments/1mj49vk/closet_rack_fell_off_wall/,Apartmentliving
1mj3e8b,Apartment building has roaches,Negative-Main-1239,1754483523.0,2025-08-06T12:32:03+00:00,37,https://reddit.com/r/Apartmentliving/comments/1mj3e8b/apartment_building_has_roaches/,Apartmentliving
1mj2qlm,UPDATE TO: ‚Äúis this note okay?‚Äù,crybbyblue,1754481703.0,2025-08-06T12:01:43+00:00,0,https://reddit.com/r/Apartmentliving/comments/1mj2qlm/update_to_is_this_note_okay/,Apartmentliving
1mj09ne,Help me ID this bug/animal noise,Effective_Dig5943,1754473440.0,2025-08-06T09:44:00+00:00,1,https://reddit.com/r/Apartmentliving/comments/1mj09ne/help_me_id_this_buganimal_noise/,Apartmentliving
1miyehe,What's your one must-have items for apartment living?,Ok-Following-7109,1754466105.0,2025-08-06T07:41:45+00:00,1,https://reddit.com/r/Apartmentliving/comments/1miyehe/whats_your_one_musthave_items_for_apartment_living/,Apartmentliving
1mix15f,Roaches and the complex won‚Äôt do anything,SomeGuy0517,1754460914.0,2025-08-06T06:15:14+00:00,3,https://reddit.com/r/Apartmentliving/comments/1mix15f/roaches_and_the_complex_wont_do_anything/,Apartmentliving
1miwunv,Keep getting noise complaints and I don‚Äôt know why,Tight_Economist_8626,1754460257.0,2025-08-06T06:04:17+00:00,6,https://reddit.com/r/Apartmentliving/comments/1miwunv/keep_getting_noise_complaints_and_i_dont_know_why/,Apartmentliving
1miw8th,Neighbors keep smoking weed indoors,Captain_Diabeeto,1754458105.0,2025-08-06T05:28:25+00:00,0,https://reddit.com/r/Apartmentliving/comments/1miw8th/neighbors_keep_smoking_weed_indoors/,Apartmentliving
1mivzdf,Misled about a property? Weird landlord,Limp-Cricket-3898,1754457181.0,2025-08-06T05:13:01+00:00,1,https://reddit.com/r/Apartmentliving/comments/1mivzdf/misled_about_a_property_weird_landlord/,Apartmentliving
1miv0xd,NEIGHBOR HAS MOVED,Super_Spirit1550,1754453991.0,2025-08-06T04:19:51+00:00,368,https://reddit.com/r/Apartmentliving/comments/1miv0xd/neighbor_has_moved/,Apartmentliving
1miuq4e,Renter‚Äôs insurance with tenant water damage coverage,kites_and_kiwis,1754453024.0,2025-08-06T04:03:44+00:00,1,https://reddit.com/r/Apartmentliving/comments/1miuq4e/renters_insurance_with_tenant_water_damage/,Apartmentliving
1miuow5,When to trust reviews?,throwaway14141414123,1754452917.0,2025-08-06T04:01:57+00:00,1,https://reddit.com/r/Apartmentliving/comments/1miuow5/when_to_trust_reviews/,Apartmentliving
1miu6q1,"Single apartment, female",Own-Acanthaceae564,1754451340.0,2025-08-06T03:35:40+00:00,0,https://reddit.com/r/Apartmentliving/comments/1miu6q1/single_apartment_female/,Apartmentliving
1mitgp7,How would you split rent?,Medium_Sandwich_45,1754449163.0,2025-08-06T02:59:23+00:00,1,https://reddit.com/r/Apartmentliving/comments/1mitgp7/how_would_you_split_rent/,Apartmentliving
1misnu2,Im locked out and my pets are inside but no one is helping,Unlikely_Vacation235,1754446845.0,2025-08-06T02:20:45+00:00,94,https://reddit.com/r/Apartmentliving/comments/1misnu2/im_locked_out_and_my_pets_are_inside_but_no_one/,Apartmentliving
1mismmd,Blue substance,EmbarrassedBuy9023,1754446751.0,2025-08-06T02:19:11+00:00,2,https://reddit.com/r/Apartmentliving/comments/1mismmd/blue_substance/,Apartmentliving
1mis3fo,"New renter, bathroom smells like sewage and I'm out of ideas.",Miserable-Charity677,1754445225.0,2025-08-06T01:53:45+00:00,1,https://reddit.com/r/Apartmentliving/comments/1mis3fo/new_renter_bathroom_smells_like_sewage_and_im_out/,Apartmentliving
1mir9s1,Legality of an Apartment Situation in New York State,Fit-Site7059,1754442907.0,2025-08-06T01:15:07+00:00,2,https://reddit.com/r/Apartmentliving/comments/1mir9s1/legality_of_an_apartment_situation_in_new_york/,Apartmentliving
1mir6vz,Do landlords really evict you for having someone not on the lease?,Competitive-Yam9665,1754442686.0,2025-08-06T01:11:26+00:00,0,https://reddit.com/r/Apartmentliving/comments/1mir6vz/do_landlords_really_evict_you_for_having_someone/,Apartmentliving
1miqxvp,humidity issues- constant bugs,pinktiger222,1754441993.0,2025-08-06T00:59:53+00:00,1,https://reddit.com/r/Apartmentliving/comments/1miqxvp/humidity_issues_constant_bugs/,Apartmentliving
1mipvrt,What is this?,EveningTitle4686,1754439104.0,2025-08-06T00:11:44+00:00,2,https://reddit.com/r/Apartmentliving/comments/1mipvrt/what_is_this/,Apartmentliving
1mipkci,Can you live in a low income apartment if one of your tenants does not have a job?,CallMeDom02,1754438258.0,2025-08-05T23:57:38+00:00,0,https://reddit.com/r/Apartmentliving/comments/1mipkci/can_you_live_in_a_low_income_apartment_if_one_of/,Apartmentliving
1mipa2u,best things to consider when moving out,baby_kaii,1754437510.0,2025-08-05T23:45:10+00:00,1,https://reddit.com/r/Apartmentliving/comments/1mipa2u/best_things_to_consider_when_moving_out/,Apartmentliving
1miok5v,Left a Note on My Neighbor‚Äôs Door,investigativephotoop,1754435680.0,2025-08-05T23:14:40+00:00,106,https://reddit.com/r/Apartmentliving/comments/1miok5v/left_a_note_on_my_neighbors_door/,Apartmentliving
1minlcb,What‚Äôs the best fan to cool down a room?,Signal_Guard5561,1754433248.0,2025-08-05T22:34:08+00:00,2,https://reddit.com/r/Apartmentliving/comments/1minlcb/whats_the_best_fan_to_cool_down_a_room/,Apartmentliving
1mindbx,LOFTliving glitch??,Original_Fan_2591,1754432698.0,2025-08-05T22:24:58+00:00,2,https://reddit.com/r/Apartmentliving/comments/1mindbx/loftliving_glitch/,Apartmentliving
1minbsd,"Deep scratches on LVP, is this repairable and estimated cost if not?",Vivid-Voidd,1754432590.0,2025-08-05T22:23:10+00:00,1,https://reddit.com/r/Apartmentliving/comments/1minbsd/deep_scratches_on_lvp_is_this_repairable_and/,Apartmentliving
1min6pv,Feeling static in the shower,deedldee,1754432243.0,2025-08-05T22:17:23+00:00,1,https://reddit.com/r/Apartmentliving/comments/1min6pv/feeling_static_in_the_shower/,Apartmentliving
1min3uo,Potential pets for small apartment,law_of_Murphy-,1754432048.0,2025-08-05T22:14:08+00:00,1,https://reddit.com/r/Apartmentliving/comments/1min3uo/potential_pets_for_small_apartment/,Apartmentliving
1mil26h,Increasing ventilation in muggy apartment?,mothgirl7,1754427205.0,2025-08-05T20:53:25+00:00,3,https://reddit.com/r/Apartmentliving/comments/1mil26h/increasing_ventilation_in_muggy_apartment/,Apartmentliving
1mikjf2,Security deposit,Usual-Hawk-5488,1754426017.0,2025-08-05T20:33:37+00:00,2,https://reddit.com/r/Apartmentliving/comments/1mikjf2/security_deposit/,Apartmentliving
1mijkx9,WA STATE APARTMENT WATER LEAK HELP,Innn0ut,1754423864.0,2025-08-05T19:57:44+00:00,3,https://reddit.com/r/Apartmentliving/comments/1mijkx9/wa_state_apartment_water_leak_help/,Apartmentliving
1mijir0,Precautions to take if the landlord drags their feet on circuit breaker fix?,pandaninjarawr,1754423730.0,2025-08-05T19:55:30+00:00,2,https://reddit.com/r/Apartmentliving/comments/1mijir0/precautions_to_take_if_the_landlord_drags_their/,Apartmentliving
1miibvi,Repairman in my apartment 4 days in a row w/o notice,Shallahan,1754421045.0,2025-08-05T19:10:45+00:00,3,https://reddit.com/r/Apartmentliving/comments/1miibvi/repairman_in_my_apartment_4_days_in_a_row_wo/,Apartmentliving
1mihwdh,Im a maintenance guy,Fantastic_Sundae_413,1754420095.0,2025-08-05T18:54:55+00:00,1,https://reddit.com/r/Apartmentliving/comments/1mihwdh/im_a_maintenance_guy/,Apartmentliving
1mihlhi,Downstairs neighbor randomly blasts his speakers from 12am - 7am + on week nights (vibrating my floor / disrupting my sleep) ‚Äî looking for input on how to handle this,zncjxisoxna,1754419436.0,2025-08-05T18:43:56+00:00,6,https://reddit.com/r/Apartmentliving/comments/1mihlhi/downstairs_neighbor_randomly_blasts_his_speakers/,Apartmentliving
1mihh3k,My Sink Water is Pure Red,soccerjonj,1754419171.0,2025-08-05T18:39:31+00:00,608,https://reddit.com/r/Apartmentliving/comments/1mihh3k/my_sink_water_is_pure_red/,Apartmentliving
1mihdbo,Advice about shared spaces?,Loklokloka,1754418934.0,2025-08-05T18:35:34+00:00,2,https://reddit.com/r/Apartmentliving/comments/1mihdbo/advice_about_shared_spaces/,Apartmentliving
1mig1t6,Dust or droppings?,Temporary-Owl-5470,1754416080.0,2025-08-05T17:48:00+00:00,2,https://reddit.com/r/Apartmentliving/comments/1mig1t6/dust_or_droppings/,Apartmentliving
1mie356,1st floor vs 2nd floor apartment in Florida? Pros and Cons.,YaroaMixtaDePlatano,1754411801.0,2025-08-05T16:36:41+00:00,0,https://reddit.com/r/Apartmentliving/comments/1mie356/1st_floor_vs_2nd_floor_apartment_in_florida_pros/,Apartmentliving
1midciq,Landlord changing my lease agreement,Low_Swordfish3761,1754410142.0,2025-08-05T16:09:02+00:00,10,https://reddit.com/r/Apartmentliving/comments/1midciq/landlord_changing_my_lease_agreement/,Apartmentliving
1mid1c6,Correct Usage of Dishwasher,thedashers,1754409445.0,2025-08-05T15:57:25+00:00,4,https://reddit.com/r/Apartmentliving/comments/1mid1c6/correct_usage_of_dishwasher/,Apartmentliving
1miatdf,"Delayed move in due to roaches, is it too much to ask for a waived move in fee?",RequirementTimely203,1754404314.0,2025-08-05T14:31:54+00:00,5,https://reddit.com/r/Apartmentliving/comments/1miatdf/delayed_move_in_due_to_roaches_is_it_too_much_to/,Apartmentliving
1mi73gt,Neighbors having loud sex,Objective_Fan_2947,1754394829.0,2025-08-05T11:53:49+00:00,129,https://reddit.com/r/Apartmentliving/comments/1mi73gt/neighbors_having_loud_sex/,Apartmentliving
1mi5oop,"Third-floor apartment, no bike racks nearby. Any ideas?",[deleted],1754390279.0,2025-08-05T10:37:59+00:00,3,https://reddit.com/r/Apartmentliving/comments/1mi5oop/thirdfloor_apartment_no_bike_racks_nearby_any/,Apartmentliving
1mi4485,monthly apartment checks?,ilballodellavita_,1754384531.0,2025-08-05T09:02:11+00:00,3,https://reddit.com/r/Apartmentliving/comments/1mi4485/monthly_apartment_checks/,Apartmentliving
1mi28ms,Is anyone avaliable to talk? First time renter and im scared!,Subject_Length1437,1754377218.0,2025-08-05T07:00:18+00:00,6,https://reddit.com/r/Apartmentliving/comments/1mi28ms/is_anyone_avaliable_to_talk_first_time_renter_and/,Apartmentliving
1mi1tad,What are your favorite space-saving hacks?,Suleyca-Lemoz,1754375584.0,2025-08-05T06:33:04+00:00,5,https://reddit.com/r/Apartmentliving/comments/1mi1tad/what_are_your_favorite_spacesaving_hacks/,Apartmentliving
1mhznod,"Apartment complex clearly violating renters rights but nowhere else to go, what can I do?",sunburntsalem,1754368040.0,2025-08-05T04:27:20+00:00,2,https://reddit.com/r/Apartmentliving/comments/1mhznod/apartment_complex_clearly_violating_renters/,Apartmentliving
1mhyk94,Is a ventilation fan required in an apartment bathroom?,Imstillonholdwtf,1754364650.0,2025-08-05T03:30:50+00:00,3,https://reddit.com/r/Apartmentliving/comments/1mhyk94/is_a_ventilation_fan_required_in_an_apartment/,Apartmentliving
1mhwzl2,Moving into my first apartment soon. What are must haves for a first apartment?,thatwrestlingfanatic,1754360108.0,2025-08-05T02:15:08+00:00,1,https://reddit.com/r/Apartmentliving/comments/1mhwzl2/moving_into_my_first_apartment_soon_what_are_must/,Apartmentliving
1mhwqhy,"Thin walls, loud noise driving me crazy, help.",Johnbacon456,1754359418.0,2025-08-05T02:03:38+00:00,25,https://reddit.com/r/Apartmentliving/comments/1mhwqhy/thin_walls_loud_noise_driving_me_crazy_help/,Apartmentliving
1mhwik1,"Those who moved into apartments with no savings, did it work out?",[deleted],1754358830.0,2025-08-05T01:53:50+00:00,1,https://reddit.com/r/Apartmentliving/comments/1mhwik1/those_who_moved_into_apartments_with_no_savings/,Apartmentliving
1mhvlsf,Need Some Advice,Otherwise-Tap7719,1754356311.0,2025-08-05T01:11:51+00:00,2,https://reddit.com/r/Apartmentliving/comments/1mhvlsf/need_some_advice/,Apartmentliving
1mhuzt1,Smoking outside apartment,ChickenWingMan99,1754354618.0,2025-08-05T00:43:38+00:00,0,https://reddit.com/r/Apartmentliving/comments/1mhuzt1/smoking_outside_apartment/,Apartmentliving
1mhuraa,Where to find things for college apartments,Diligent_Tie_4951,1754353978.0,2025-08-05T00:32:58+00:00,1,https://reddit.com/r/Apartmentliving/comments/1mhuraa/where_to_find_things_for_college_apartments/,Apartmentliving
1mhu5bi,"City took away at door delivering for apartment, even regular mail all goes to the office now, and I'm trying to get adult toy",Throwaway_Bi_37M,1754352326.0,2025-08-05T00:05:26+00:00,0,https://reddit.com/r/Apartmentliving/comments/1mhu5bi/city_took_away_at_door_delivering_for_apartment/,Apartmentliving
1mhtu96,What are these spots in the wall?,Midnight_Thoughts77,1754351514.0,2025-08-04T23:51:54+00:00,6,https://reddit.com/r/Apartmentliving/comments/1mhtu96/what_are_these_spots_in_the_wall/,Apartmentliving
1mhtl0d,Living room layout help,ananonnylon,1754350815.0,2025-08-04T23:40:15+00:00,1,https://reddit.com/r/Apartmentliving/comments/1mhtl0d/living_room_layout_help/,Apartmentliving
1mhsiab,what do i even do,ghoulfaries,1754348058.0,2025-08-04T22:54:18+00:00,59,https://reddit.com/r/Apartmentliving/comments/1mhsiab/what_do_i_even_do/,Apartmentliving
1mhsbiw,is this mold around my balcony?,mesolimbic_overload,1754347586.0,2025-08-04T22:46:26+00:00,1,https://reddit.com/r/Apartmentliving/comments/1mhsbiw/is_this_mold_around_my_balcony/,Apartmentliving
1mhrzcd,No pet deposit but pet fees,Plastic_Trouble_2988,1754346754.0,2025-08-04T22:32:34+00:00,1,https://reddit.com/r/Apartmentliving/comments/1mhrzcd/no_pet_deposit_but_pet_fees/,Apartmentliving
1mhrtys,Water in Exhaust Fan - Smells like mildew 3rd floor,NoeAir,1754346393.0,2025-08-04T22:26:33+00:00,5,https://reddit.com/r/Apartmentliving/comments/1mhrtys/water_in_exhaust_fan_smells_like_mildew_3rd_floor/,Apartmentliving
1mhrijr,Fridge reeks of chemicals,mwhitaker19,1754345623.0,2025-08-04T22:13:43+00:00,1,https://reddit.com/r/Apartmentliving/comments/1mhrijr/fridge_reeks_of_chemicals/,Apartmentliving
1mhqzpc,Emotional support animal help in a strict co op!,Ok_Rhubarb_983,1754344380.0,2025-08-04T21:53:00+00:00,0,https://reddit.com/r/Apartmentliving/comments/1mhqzpc/emotional_support_animal_help_in_a_strict_co_op/,Apartmentliving
1mhqxjt,60 day notice debacle,Star_Dust225,1754344234.0,2025-08-04T21:50:34+00:00,1,https://reddit.com/r/Apartmentliving/comments/1mhqxjt/60_day_notice_debacle/,Apartmentliving
1mhqim7,Woke up to a roach,Correct_Solution_335,1754343260.0,2025-08-04T21:34:20+00:00,7,https://reddit.com/r/Apartmentliving/comments/1mhqim7/woke_up_to_a_roach/,Apartmentliving
1mhq1s1,I took my old upstairs neighbors for granted üò≠,alee0224,1754342196.0,2025-08-04T21:16:36+00:00,166,https://reddit.com/r/Apartmentliving/comments/1mhq1s1/i_took_my_old_upstairs_neighbors_for_granted/,Apartmentliving
1mhpf0a,Mold and spider issue,Prudent-Elk-7494,1754340757.0,2025-08-04T20:52:37+00:00,3,https://reddit.com/r/Apartmentliving/comments/1mhpf0a/mold_and_spider_issue/,Apartmentliving
1mhpbaq,Additional Lock for Storage Unit?,spigeddy,1754340528.0,2025-08-04T20:48:48+00:00,2,https://reddit.com/r/Apartmentliving/comments/1mhpbaq/additional_lock_for_storage_unit/,Apartmentliving
1mhotq1,I can't breathe in my bedroom,bottle-box,1754339427.0,2025-08-04T20:30:27+00:00,2,https://reddit.com/r/Apartmentliving/comments/1mhotq1/i_cant_breathe_in_my_bedroom/,Apartmentliving
1mhojjd,rudeass manager and transferring the unit,hotgirlstuff_14L,1754338797.0,2025-08-04T20:19:57+00:00,1,https://reddit.com/r/Apartmentliving/comments/1mhojjd/rudeass_manager_and_transferring_the_unit/,Apartmentliving
1mhnkiy,Just a cosmetic issue,MrMoobss,1754336604.0,2025-08-04T19:43:24+00:00,67,https://reddit.com/r/Apartmentliving/comments/1mhnkiy/just_a_cosmetic_issue/,Apartmentliving
1mhngph,Fair to ask for additional professional cleaning in this situation?,pricklyp8,1754336368.0,2025-08-04T19:39:28+00:00,1,https://reddit.com/r/Apartmentliving/comments/1mhngph/fair_to_ask_for_additional_professional_cleaning/,Apartmentliving
1mhndn2,I Can Breathe Again,__lovebackwards,1754336176.0,2025-08-04T19:36:16+00:00,44,https://reddit.com/r/Apartmentliving/comments/1mhndn2/i_can_breathe_again/,Apartmentliving
1mhmp3c,Is this legal?,mooredith,1754334658.0,2025-08-04T19:10:58+00:00,0,https://reddit.com/r/Apartmentliving/comments/1mhmp3c/is_this_legal/,Apartmentliving
1mhmbyg,Anyone knows how to open these mosquito nets?,cloverscupid,1754333871.0,2025-08-04T18:57:51+00:00,1,https://reddit.com/r/Apartmentliving/comments/1mhmbyg/anyone_knows_how_to_open_these_mosquito_nets/,Apartmentliving
1mhlln5,What do I do with the trash?,Several-Butterfly507,1754332271.0,2025-08-04T18:31:11+00:00,1,https://reddit.com/r/Apartmentliving/comments/1mhlln5/what_do_i_do_with_the_trash/,Apartmentliving
1mhlgnz,Printers/scanners,OkConfusion3011,1754331972.0,2025-08-04T18:26:12+00:00,1,https://reddit.com/r/Apartmentliving/comments/1mhlgnz/printersscanners/,Apartmentliving
1mhkcta,Ugly carpet and floor suggestions,MaddenXboxFantasy,1754329634.0,2025-08-04T17:47:14+00:00,6,https://reddit.com/r/Apartmentliving/comments/1mhkcta/ugly_carpet_and_floor_suggestions/,Apartmentliving
1mhjgl3,Does this look like mold?,abscat456,1754327704.0,2025-08-04T17:15:04+00:00,17,https://reddit.com/r/Apartmentliving/comments/1mhjgl3/does_this_look_like_mold/,Apartmentliving
1mhjf93,Off-campus housing ignoring urgent maintenance requests,Special_Falcon408,1754327629.0,2025-08-04T17:13:49+00:00,12,https://reddit.com/r/Apartmentliving/comments/1mhjf93/offcampus_housing_ignoring_urgent_maintenance/,Apartmentliving
1mhin45,"wierd noise from upstairs neighbor, what to do?",Doldrum0,1754325925.0,2025-08-04T16:45:25+00:00,9,https://reddit.com/r/Apartmentliving/comments/1mhin45/wierd_noise_from_upstairs_neighbor_what_to_do/,Apartmentliving
1mhif5r,Loud Upstairs neighbors from sunup to sundown,mistyf0xx,1754325429.0,2025-08-04T16:37:09+00:00,110,https://reddit.com/r/Apartmentliving/comments/1mhif5r/loud_upstairs_neighbors_from_sunup_to_sundown/,Apartmentliving
1mhhs6x,Landlord put locks on all garage outlets.,Sneekysas_sas,1754324014.0,2025-08-04T16:13:34+00:00,585,https://reddit.com/r/Apartmentliving/comments/1mhhs6x/landlord_put_locks_on_all_garage_outlets/,Apartmentliving
1mhhpn7,Noisy New Neighbor,No-Entertainment3435,1754323856.0,2025-08-04T16:10:56+00:00,10,https://reddit.com/r/Apartmentliving/comments/1mhhpn7/noisy_new_neighbor/,Apartmentliving
1mhfx9z,$100 charge for $2.00 miscalculation.,lifes_a_vacation,1754319894.0,2025-08-04T15:04:54+00:00,10,https://reddit.com/r/Apartmentliving/comments/1mhfx9z/100_charge_for_200_miscalculation/,Apartmentliving
1mhfl88,What‚Äôs your ‚Äúutility service fee‚Äù at your apartment?,SprawlingNomad,1754319152.0,2025-08-04T14:52:32+00:00,2,https://reddit.com/r/Apartmentliving/comments/1mhfl88/whats_your_utility_service_fee_at_your_apartment/,Apartmentliving
1mhc5pp,"Shoutout to my landlord who not only gave me my entire deposit back on move-out, but gave it back with an extra 20$ of accrued interest",Slightlymercurial,1754310765.0,2025-08-04T12:32:45+00:00,10,https://reddit.com/r/Apartmentliving/comments/1mhc5pp/shoutout_to_my_landlord_who_not_only_gave_me_my/,Apartmentliving
1mhbpst,Stop standing Infront of my front door,Senior-Alarm5305,1754309531.0,2025-08-04T12:12:11+00:00,12,https://reddit.com/r/Apartmentliving/comments/1mhbpst/stop_standing_infront_of_my_front_door/,Apartmentliving
1mharzs,Strong smelling food in shared flat,thewisebroccoli,1754306672.0,2025-08-04T11:24:32+00:00,2,https://reddit.com/r/Apartmentliving/comments/1mharzs/strong_smelling_food_in_shared_flat/,Apartmentliving
1mh9ag6,Upcoming Lease Renewal,Silent_Pay_9239,1754301577.0,2025-08-04T09:59:37+00:00,4,https://reddit.com/r/Apartmentliving/comments/1mh9ag6/upcoming_lease_renewal/,Apartmentliving
1mh7ees,Unreasonably narrow doorways and awkward entryway. How would I fit a couch in?,drkcola,1754294179.0,2025-08-04T07:56:19+00:00,19,https://reddit.com/r/Apartmentliving/comments/1mh7ees/unreasonably_narrow_doorways_and_awkward_entryway/,Apartmentliving
1mh6xst,Best Renter‚Äôs Insurance,Salt-Ad-3061,1754292330.0,2025-08-04T07:25:30+00:00,3,https://reddit.com/r/Apartmentliving/comments/1mh6xst/best_renters_insurance/,Apartmentliving
1mh5p2l,Moving to Platinum Shavano Oaks Apartments And just found out there is a peeping Tom terrorizing women. FML,momsvaginaresearcher,1754287639.0,2025-08-04T06:07:19+00:00,18,https://reddit.com/r/Apartmentliving/comments/1mh5p2l/moving_to_platinum_shavano_oaks_apartments_and/,Apartmentliving
1mh5odb,"Transferring Apartments, What Happens To My Deposit?",ytjryhrbr,1754287565.0,2025-08-04T06:06:05+00:00,2,https://reddit.com/r/Apartmentliving/comments/1mh5odb/transferring_apartments_what_happens_to_my_deposit/,Apartmentliving
1mh5krt,Main Line Clogged,Iridescent-beauty,1754287206.0,2025-08-04T06:00:06+00:00,1,https://reddit.com/r/Apartmentliving/comments/1mh5krt/main_line_clogged/,Apartmentliving
1mh5eeh,HOA cited me for PACKAGE THEFT! Turns out they never delivered my mail key,BraveMarionberry9984,1754286557.0,2025-08-04T05:49:17+00:00,3792,https://reddit.com/r/Apartmentliving/comments/1mh5eeh/hoa_cited_me_for_package_theft_turns_out_they/,Apartmentliving
1mh5d93,New apartment,Important_Sundae1676,1754286439.0,2025-08-04T05:47:19+00:00,1,https://reddit.com/r/Apartmentliving/comments/1mh5d93/new_apartment/,Apartmentliving
1mh59h3,"One of my neighbors keeps smoking weed at midnight and I keep smelling it, how can I stop smelling it?",HalIsHere,1754286057.0,2025-08-04T05:40:57+00:00,2,https://reddit.com/r/Apartmentliving/comments/1mh59h3/one_of_my_neighbors_keeps_smoking_weed_at/,Apartmentliving
1mh5407,Roach problem,Far_Consequence_8335,1754285517.0,2025-08-04T05:31:57+00:00,0,https://reddit.com/r/Apartmentliving/comments/1mh5407/roach_problem/,Apartmentliving
1mh4sz7,Can my landlord evict me for showering everyday for about 30-40 minutes,Icy_Confusion_8989,1754284454.0,2025-08-04T05:14:14+00:00,0,https://reddit.com/r/Apartmentliving/comments/1mh4sz7/can_my_landlord_evict_me_for_showering_everyday/,Apartmentliving
1mh4psg,"Could use a knowledge  dumping on my situation! Please and thank you üôèüèº! My Apartment Is Falling Apart, and I Feel Stuck‚ÄîAnyone Else Dealing with This?",Top-Ingenuity-8855,1754284142.0,2025-08-04T05:09:02+00:00,1,https://reddit.com/r/Apartmentliving/comments/1mh4psg/could_use_a_knowledge_dumping_on_my_situation/,Apartmentliving
1mh4nvr,Called the cops for the first time last night,GoldmansRacks,1754283952.0,2025-08-04T05:05:52+00:00,314,https://reddit.com/r/Apartmentliving/comments/1mh4nvr/called_the_cops_for_the_first_time_last_night/,Apartmentliving
1mh49lz,DEINFLUENCE ME!,swagsocialmediauser,1754282607.0,2025-08-04T04:43:27+00:00,2,https://reddit.com/r/Apartmentliving/comments/1mh49lz/deinfluence_me/,Apartmentliving
1mh3t48,"Could this potentially cause mold? If so, what should I do?",DxmnBlue,1754281064.0,2025-08-04T04:17:44+00:00,2,https://reddit.com/r/Apartmentliving/comments/1mh3t48/could_this_potentially_cause_mold_if_so_what/,Apartmentliving
1mh3mw4,My landlord kept almost all of my deposit...,screamingtoilets,1754280507.0,2025-08-04T04:08:27+00:00,21,https://reddit.com/r/Apartmentliving/comments/1mh3mw4/my_landlord_kept_almost_all_of_my_deposit/,Apartmentliving
1mh2x7u,new to all of this and don‚Äôt know what to do,Legal-Wing-9770,1754278276.0,2025-08-04T03:31:16+00:00,2,https://reddit.com/r/Apartmentliving/comments/1mh2x7u/new_to_all_of_this_and_dont_know_what_to_do/,Apartmentliving
1mh2wzs,What is the most cost efficient way to run through-the-wall AC units during the summer? This is driving me insane.,WorriedLetterhead942,1754278255.0,2025-08-04T03:30:55+00:00,1,https://reddit.com/r/Apartmentliving/comments/1mh2wzs/what_is_the_most_cost_efficient_way_to_run/,Apartmentliving
1mh2k9y,Is this mold?,Fun-Parking-7167,1754277136.0,2025-08-04T03:12:16+00:00,2,https://reddit.com/r/Apartmentliving/comments/1mh2k9y/is_this_mold/,Apartmentliving
1mh2688,Downstairs kitchen sink draining on the stairs to my apartment?!!,Humble_State_6833,1754275961.0,2025-08-04T02:52:41+00:00,1,https://reddit.com/r/Apartmentliving/comments/1mh2688/downstairs_kitchen_sink_draining_on_the_stairs_to/,Apartmentliving
1mh1x2m,We got a runner,fliehilikeakite,1754275214.0,2025-08-04T02:40:14+00:00,17,https://reddit.com/r/Apartmentliving/comments/1mh1x2m/we_got_a_runner/,Apartmentliving
1mh1pgx,How many months are too many...,HanBan1339,1754274587.0,2025-08-04T02:29:47+00:00,3,https://reddit.com/r/Apartmentliving/comments/1mh1pgx/how_many_months_are_too_many/,Apartmentliving
1mh1oba,Landlord entering and taking things from our apartment without notice,emergencyshark,1754274487.0,2025-08-04T02:28:07+00:00,3,https://reddit.com/r/Apartmentliving/comments/1mh1oba/landlord_entering_and_taking_things_from_our/,Apartmentliving
1mh1do1,Does anyone know what this is? It is on the wall of my apartment and started clicking this evening.,ElectronicWallaby435,1754273629.0,2025-08-04T02:13:49+00:00,11,https://reddit.com/r/Apartmentliving/comments/1mh1do1/does_anyone_know_what_this_is_it_is_on_the_wall/,Apartmentliving
1mh1cv1,"[WA state] No lease, can we withhold last month‚Äôs rent?",BootyBirkin,1754273567.0,2025-08-04T02:12:47+00:00,0,https://reddit.com/r/Apartmentliving/comments/1mh1cv1/wa_state_no_lease_can_we_withhold_last_months_rent/,Apartmentliving
1mh1921,How to prep for move out and minimize security deposit loss,CryingOverVideoGames,1754273265.0,2025-08-04T02:07:45+00:00,1,https://reddit.com/r/Apartmentliving/comments/1mh1921/how_to_prep_for_move_out_and_minimize_security/,Apartmentliving
1mh0nqq,Disrespectful kids,[deleted],1754271594.0,2025-08-04T01:39:54+00:00,47,https://reddit.com/r/Apartmentliving/comments/1mh0nqq/disrespectful_kids/,Apartmentliving
1mh0jss,Refrigerator woes - need advice!,mawlycule,1754271268.0,2025-08-04T01:34:28+00:00,1,https://reddit.com/r/Apartmentliving/comments/1mh0jss/refrigerator_woes_need_advice/,Apartmentliving
1mh08ld,No Power,Fantastic_Edge_1636,1754270360.0,2025-08-04T01:19:20+00:00,1,https://reddit.com/r/Apartmentliving/comments/1mh08ld/no_power/,Apartmentliving
1mh055s,Downstairs neighbors,Tennisfan1976,1754270079.0,2025-08-04T01:14:39+00:00,3,https://reddit.com/r/Apartmentliving/comments/1mh055s/downstairs_neighbors/,Apartmentliving
1mgzypf,Apt vs House,NinjaDesigner1881,1754269559.0,2025-08-04T01:05:59+00:00,1,https://reddit.com/r/Apartmentliving/comments/1mgzypf/apt_vs_house/,Apartmentliving
1mgzpwq,"Maintenance left door unlocked, items are missing.",Joba-,1754268851.0,2025-08-04T00:54:11+00:00,13,https://reddit.com/r/Apartmentliving/comments/1mgzpwq/maintenance_left_door_unlocked_items_are_missing/,Apartmentliving
1mgzkbt,Keeping my mail? (KY),kykypaw18,1754268391.0,2025-08-04T00:46:31+00:00,1,https://reddit.com/r/Apartmentliving/comments/1mgzkbt/keeping_my_mail_ky/,Apartmentliving
1mgzk6d,Need Cover-Up Ideas,hopelessramentic21,1754268380.0,2025-08-04T00:46:20+00:00,1,https://reddit.com/r/Apartmentliving/comments/1mgzk6d/need_coverup_ideas/,Apartmentliving
1mgzbqh,Could a co signer get me through all of this?,[deleted],1754267685.0,2025-08-04T00:34:45+00:00,1,https://reddit.com/r/Apartmentliving/comments/1mgzbqh/could_a_co_signer_get_me_through_all_of_this/,Apartmentliving
1mgz88n,Leave this shit hole in 2 days,OkAngle2353,1754267406.0,2025-08-04T00:30:06+00:00,2,https://reddit.com/r/Apartmentliving/comments/1mgz88n/leave_this_shit_hole_in_2_days/,Apartmentliving
1mgz6re,Landlord charging unjustified late fee,cajun_wolf,1754267295.0,2025-08-04T00:28:15+00:00,1,https://reddit.com/r/Apartmentliving/comments/1mgz6re/landlord_charging_unjustified_late_fee/,Apartmentliving
1mgyyxb,Housing - is this small 4 room apartment (64m2+10m2 balcony) sufficient?,IronCircuit,1754266670.0,2025-08-04T00:17:50+00:00,1,https://reddit.com/r/Apartmentliving/comments/1mgyyxb/housing_is_this_small_4_room_apartment_64m210m2/,Apartmentliving
1mgyxvr,Landlord dispute ongoing,rudytheging,1754266590.0,2025-08-04T00:16:30+00:00,2,https://reddit.com/r/Apartmentliving/comments/1mgyxvr/landlord_dispute_ongoing/,Apartmentliving
1mgywi3,"Just moved into a new building, tenant above me seems to be practicing electric guitar for hours at a time",eleanor_savage,1754266484.0,2025-08-04T00:14:44+00:00,2,https://reddit.com/r/Apartmentliving/comments/1mgywi3/just_moved_into_a_new_building_tenant_above_me/,Apartmentliving
1mgypdn,There‚Äôs mold in the shower of my new apartment,Silver-Market-2318,1754265925.0,2025-08-04T00:05:25+00:00,1,https://reddit.com/r/Apartmentliving/comments/1mgypdn/theres_mold_in_the_shower_of_my_new_apartment/,Apartmentliving
1mgy6jf,What is this? Should I be concerned?,AdvantagePitiful5173,1754264482.0,2025-08-03T23:41:22+00:00,9,https://reddit.com/r/Apartmentliving/comments/1mgy6jf/what_is_this_should_i_be_concerned/,Apartmentliving
1mgxlgo,When your roommates are two Sony Bravia TVs.,Guinessmatt,1754262886.0,2025-08-03T23:14:46+00:00,3,https://reddit.com/r/Apartmentliving/comments/1mgxlgo/when_your_roommates_are_two_sony_bravia_tvs/,Apartmentliving
1mgx3nu,Neglectful landlords/crabby maintenence.,Adventurous-Studio-9,1754261555.0,2025-08-03T22:52:35+00:00,3,https://reddit.com/r/Apartmentliving/comments/1mgx3nu/neglectful_landlordscrabby_maintenence/,Apartmentliving
1mgx3ml,Would you complain? Neighbor's guest scared my cat,nintendoswitch_blade,1754261553.0,2025-08-03T22:52:33+00:00,22,https://reddit.com/r/Apartmentliving/comments/1mgx3ml/would_you_complain_neighbors_guest_scared_my_cat/,Apartmentliving
1mgwzql,budgeting for first apartment,Otherwise-Flan-2755,1754261252.0,2025-08-03T22:47:32+00:00,1,https://reddit.com/r/Apartmentliving/comments/1mgwzql/budgeting_for_first_apartment/,Apartmentliving
1mgwsvy,Should I ask for this to be cleaned prior to move in?,nocreamedcorn,1754260760.0,2025-08-03T22:39:20+00:00,1,https://reddit.com/r/Apartmentliving/comments/1mgwsvy/should_i_ask_for_this_to_be_cleaned_prior_to_move/,Apartmentliving
1mgwpq5,living with a couple and mysterious uncle,SnoopyDohnut,1754260532.0,2025-08-03T22:35:32+00:00,1,https://reddit.com/r/Apartmentliving/comments/1mgwpq5/living_with_a_couple_and_mysterious_uncle/,Apartmentliving
1mgw13o,hornets in our wall,babybeewitched,1754258747.0,2025-08-03T22:05:47+00:00,2,https://reddit.com/r/Apartmentliving/comments/1mgw13o/hornets_in_our_wall/,Apartmentliving
1mgvm8s,Figuring out Roommate rules,Aggravetedmollasses,1754257709.0,2025-08-03T21:48:29+00:00,344,https://reddit.com/r/Apartmentliving/comments/1mgvm8s/figuring_out_roommate_rules/,Apartmentliving
1mgv2io,Help. Trail tomorrow,Stock_Opportunity811,1754256343.0,2025-08-03T21:25:43+00:00,0,https://reddit.com/r/Apartmentliving/comments/1mgv2io/help_trail_tomorrow/,Apartmentliving
1mgv11b,"Lease says it's against the lease to put up ""signs""?",bunnymochis,1754256243.0,2025-08-03T21:24:03+00:00,1,https://reddit.com/r/Apartmentliving/comments/1mgv11b/lease_says_its_against_the_lease_to_put_up_signs/,Apartmentliving
1mgtscp,Landlord did not use privacy windows in bathroom shower (PA),kitty_cat_11_22,1754253299.0,2025-08-03T20:34:59+00:00,37,https://reddit.com/r/Apartmentliving/comments/1mgtscp/landlord_did_not_use_privacy_windows_in_bathroom/,Apartmentliving
1mgtptr,Moving into my first apartment and I am completely lost,Ok-Butterscotch12,1754253129.0,2025-08-03T20:32:09+00:00,1,https://reddit.com/r/Apartmentliving/comments/1mgtptr/moving_into_my_first_apartment_and_i_am/,Apartmentliving
1mgt9zd,Cant decide,Fun-Midnight1010,1754252108.0,2025-08-03T20:15:08+00:00,0,https://reddit.com/r/Apartmentliving/comments/1mgt9zd/cant_decide/,Apartmentliving
1mgrwiu,Flex payment schedule. Is it worth it?,Odd-Republic-4218,1754248813.0,2025-08-03T19:20:13+00:00,1,https://reddit.com/r/Apartmentliving/comments/1mgrwiu/flex_payment_schedule_is_it_worth_it/,Apartmentliving
1mgrmk4,Do you actually have to make 3x the rent for an apartment???,Grouchy_Marsupial357,1754248153.0,2025-08-03T19:09:13+00:00,1,https://reddit.com/r/Apartmentliving/comments/1mgrmk4/do_you_actually_have_to_make_3x_the_rent_for_an/,Apartmentliving
1mgri53,How can I prevent mold in my bathroom?,Banana_Split85,1754247866.0,2025-08-03T19:04:26+00:00,6,https://reddit.com/r/Apartmentliving/comments/1mgri53/how_can_i_prevent_mold_in_my_bathroom/,Apartmentliving
1mgrdva,"Neighbor smokes weed profusely; used to only be able to smell it outside, now I smell it in my bathroom/laundry room",mildchickenwings,1754247590.0,2025-08-03T18:59:50+00:00,15,https://reddit.com/r/Apartmentliving/comments/1mgrdva/neighbor_smokes_weed_profusely_used_to_only_be/,Apartmentliving
1mgp5ak,FLEX,ThrowRAbh90,1754242341.0,2025-08-03T17:32:21+00:00,1,https://reddit.com/r/Apartmentliving/comments/1mgp5ak/flex/,Apartmentliving
1mgo74y,Roach eggs after fumigating,BunnyScary3503,1754240059.0,2025-08-03T16:54:19+00:00,33,https://reddit.com/r/Apartmentliving/comments/1mgo74y/roach_eggs_after_fumigating/,Apartmentliving
1mgo05s,are these signs of pests of some kind?,lilexist,1754239583.0,2025-08-03T16:46:23+00:00,1,https://reddit.com/r/Apartmentliving/comments/1mgo05s/are_these_signs_of_pests_of_some_kind/,Apartmentliving
1mgnpd4,Staff person that lives on site doesn't pick up their dog feces,toysofvanity,1754238839.0,2025-08-03T16:33:59+00:00,2,https://reddit.com/r/Apartmentliving/comments/1mgnpd4/staff_person_that_lives_on_site_doesnt_pick_up/,Apartmentliving
1mgnei3,How big of an apartment is normal?,katokk,1754238086.0,2025-08-03T16:21:26+00:00,0,https://reddit.com/r/Apartmentliving/comments/1mgnei3/how_big_of_an_apartment_is_normal/,Apartmentliving
1mgm821,Security Deposit,honeydeww1,1754235212.0,2025-08-03T15:33:32+00:00,1,https://reddit.com/r/Apartmentliving/comments/1mgm821/security_deposit/,Apartmentliving
1mgl1zf,Do I split the rent?,Smoke-Flaky,1754232341.0,2025-08-03T14:45:41+00:00,3,https://reddit.com/r/Apartmentliving/comments/1mgl1zf/do_i_split_the_rent/,Apartmentliving
1mgkrgc,Neighbor hates me...but it's quiet now. :),thesalesaddict,1754231606.0,2025-08-03T14:33:26+00:00,104,https://reddit.com/r/Apartmentliving/comments/1mgkrgc/neighbor_hates_mebut_its_quiet_now/,Apartmentliving
1mgklpe,Has anyone ever received their full damage deposit back? Or any of it?,Dude_Dillligence,1754231191.0,2025-08-03T14:26:31+00:00,2,https://reddit.com/r/Apartmentliving/comments/1mgklpe/has_anyone_ever_received_their_full_damage/,Apartmentliving
1mgibhy,my landlord is telling me I left my apartment ‚Äúdirty‚Äù and is planning to withhold some of my deposit. these are pics I took right before I left. am I delusional or is my landlord?,Distinct_Morning_607,1754225015.0,2025-08-03T12:43:35+00:00,36963,https://reddit.com/r/Apartmentliving/comments/1mgibhy/my_landlord_is_telling_me_i_left_my_apartment/,Apartmentliving
1mghr62,New roommate,Mental_Airport4756,1754223263.0,2025-08-03T12:14:23+00:00,0,https://reddit.com/r/Apartmentliving/comments/1mghr62/new_roommate/,Apartmentliving
1mgfs5k,Neighbors Harassing My Mom in Senior Complex - Advice Needed,mbmain,1754216277.0,2025-08-03T10:17:57+00:00,275,https://reddit.com/r/Apartmentliving/comments/1mgfs5k/neighbors_harassing_my_mom_in_senior_complex/,Apartmentliving
1mgczlg,Guy talks on phone every night after quiet hours,Realistic_Channel361,1754205229.0,2025-08-03T07:13:49+00:00,1,https://reddit.com/r/Apartmentliving/comments/1mgczlg/guy_talks_on_phone_every_night_after_quiet_hours/,Apartmentliving
1mgc9un,Is it normal to hear so much noise?,AdAmazing2402,1754202521.0,2025-08-03T06:28:41+00:00,10,https://reddit.com/r/Apartmentliving/comments/1mgc9un/is_it_normal_to_hear_so_much_noise/,Apartmentliving
1mgb60q,Not knowing the duration of maintenance work?,OkAngle2353,1754198468.0,2025-08-03T05:21:08+00:00,2,https://reddit.com/r/Apartmentliving/comments/1mgb60q/not_knowing_the_duration_of_maintenance_work/,Apartmentliving
1mgaheh,the trap house update plus some more fun pics,drallace,1754196071.0,2025-08-03T04:41:11+00:00,56,https://reddit.com/r/Apartmentliving/comments/1mgaheh/the_trap_house_update_plus_some_more_fun_pics/,Apartmentliving
1mg94lo,Not sure what to do in this situation,Hers0nly,1754191625.0,2025-08-03T03:27:05+00:00,5,https://reddit.com/r/Apartmentliving/comments/1mg94lo/not_sure_what_to_do_in_this_situation/,Apartmentliving
1mg8dn6,why is my ac leaking,Dry-Commission1747,1754189227.0,2025-08-03T02:47:07+00:00,7,https://reddit.com/r/Apartmentliving/comments/1mg8dn6/why_is_my_ac_leaking/,Apartmentliving
1mg8b10,UK fly tipping neighbour,CinchCitySixFigure,1754188996.0,2025-08-03T02:43:16+00:00,3,https://reddit.com/r/Apartmentliving/comments/1mg8b10/uk_fly_tipping_neighbour/,Apartmentliving
1mg87tm,Anyone bought or had a solid wood Loft bed built?,Excellent_Notice4047,1754188725.0,2025-08-03T02:38:45+00:00,1,https://reddit.com/r/Apartmentliving/comments/1mg87tm/anyone_bought_or_had_a_solid_wood_loft_bed_built/,Apartmentliving
1mg7psa,Any ideas on what this is?,froobsrule1,1754187197.0,2025-08-03T02:13:17+00:00,0,https://reddit.com/r/Apartmentliving/comments/1mg7psa/any_ideas_on_what_this_is/,Apartmentliving
1mg70al,I found a 3.5 of weed on the ground and took it and watched my drug dealer neighbors customer come back and look for it,Dismal_dumb_4407,1754185005.0,2025-08-03T01:36:45+00:00,541,https://reddit.com/r/Apartmentliving/comments/1mg70al/i_found_a_35_of_weed_on_the_ground_and_took_it/,Apartmentliving
1mg630c,I think this is getting out of hand.,Soggy-Dentist-1754,1754182156.0,2025-08-03T00:49:16+00:00,355,https://reddit.com/r/Apartmentliving/comments/1mg630c/i_think_this_is_getting_out_of_hand/,Apartmentliving
1mg5d8o,Moped towed without notice,knoxnash,1754180021.0,2025-08-03T00:13:41+00:00,0,https://reddit.com/r/Apartmentliving/comments/1mg5d8o/moped_towed_without_notice/,Apartmentliving
1mg39c7,Foundation issues are fun,00spool,1754174007.0,2025-08-02T22:33:27+00:00,16,https://reddit.com/r/Apartmentliving/comments/1mg39c7/foundation_issues_are_fun/,Apartmentliving
1mg35ms,What do you think?,ThinkingBook2,1754173727.0,2025-08-02T22:28:47+00:00,8,https://reddit.com/r/Apartmentliving/comments/1mg35ms/what_do_you_think/,Apartmentliving
1mg2o3o,Insect plague in new apartment. Help needed!,redouan_h,1754172383.0,2025-08-02T22:06:23+00:00,0,https://reddit.com/r/Apartmentliving/comments/1mg2o3o/insect_plague_in_new_apartment_help_needed/,Apartmentliving
1mg2mes,Before and after‚Ä¶ thoughts?,Chance-War1519,1754172257.0,2025-08-02T22:04:17+00:00,1064,https://reddit.com/r/Apartmentliving/comments/1mg2mes/before_and_after_thoughts/,Apartmentliving
1mg24vq,Never been MTM..someone please help me understand!,Spirited-Pudding7673,1754170948.0,2025-08-02T21:42:28+00:00,6,https://reddit.com/r/Apartmentliving/comments/1mg24vq/never_been_mtmsomeone_please_help_me_understand/,Apartmentliving
1mg1mi9,Bubbling floor,Final_Campaign_2593,1754169620.0,2025-08-02T21:20:20+00:00,1,https://reddit.com/r/Apartmentliving/comments/1mg1mi9/bubbling_floor/,Apartmentliving
1mg1hvq,Our neighbors bathtub is leaking into our bathtub.,mnicklas666,1754169293.0,2025-08-02T21:14:53+00:00,9,https://reddit.com/r/Apartmentliving/comments/1mg1hvq/our_neighbors_bathtub_is_leaking_into_our_bathtub/,Apartmentliving
1mg0fie,First Time Renter - what should I know,AppropriateEgg2550,1754166524.0,2025-08-02T20:28:44+00:00,2,https://reddit.com/r/Apartmentliving/comments/1mg0fie/first_time_renter_what_should_i_know/,Apartmentliving
1mg0e96,Neighbor blasting XXX content ü§Æ,KindLog7348,1754166435.0,2025-08-02T20:27:15+00:00,32,https://reddit.com/r/Apartmentliving/comments/1mg0e96/neighbor_blasting_xxx_content/,Apartmentliving
1mfzwvy,Cheese smell near living room wall-what could it be?,PurchaseDry9350,1754165163.0,2025-08-02T20:06:03+00:00,1,https://reddit.com/r/Apartmentliving/comments/1mfzwvy/cheese_smell_near_living_room_wallwhat_could_it_be/,Apartmentliving
1mfzd7j,Mold in student housing,Funny-Marketing-735,1754163737.0,2025-08-02T19:42:17+00:00,2,https://reddit.com/r/Apartmentliving/comments/1mfzd7j/mold_in_student_housing/,Apartmentliving
1mfytrm,Does the apartment management tell you if anyone complains about you,TKO_Pz,1754162360.0,2025-08-02T19:19:20+00:00,2,https://reddit.com/r/Apartmentliving/comments/1mfytrm/does_the_apartment_management_tell_you_if_anyone/,Apartmentliving
1mfymr3,Am I being double charged?,juniperlatte,1754161859.0,2025-08-02T19:10:59+00:00,2,https://reddit.com/r/Apartmentliving/comments/1mfymr3/am_i_being_double_charged/,Apartmentliving
1mfy1tm,ISO advice,reading_my_stories,1754160375.0,2025-08-02T18:46:15+00:00,1,https://reddit.com/r/Apartmentliving/comments/1mfy1tm/iso_advice/,Apartmentliving
1mfy0na,Apartment necessities,Super-Jury8571,1754160288.0,2025-08-02T18:44:48+00:00,1,https://reddit.com/r/Apartmentliving/comments/1mfy0na/apartment_necessities/,Apartmentliving
1mfxqu3,Do other people have luxury apartment leasing staff that are comically inept?,maumaesori,1754159590.0,2025-08-02T18:33:10+00:00,12,https://reddit.com/r/Apartmentliving/comments/1mfxqu3/do_other_people_have_luxury_apartment_leasing/,Apartmentliving
1mfxhw2,Finding an ac for basement apartment,Apprehensive-Cod-185,1754158958.0,2025-08-02T18:22:38+00:00,1,https://reddit.com/r/Apartmentliving/comments/1mfxhw2/finding_an_ac_for_basement_apartment/,Apartmentliving
1mfxfwm,My apartment was just fumigated for roach infestation,kzugutierrez,1754158818.0,2025-08-02T18:20:18+00:00,10,https://reddit.com/r/Apartmentliving/comments/1mfxfwm/my_apartment_was_just_fumigated_for_roach/,Apartmentliving
1mfxdgk,Leaving home for a week during heatwave while landlord redoes electric wiring. It's probably going to be over 100¬∞ and I'm not sure what could go bad/what we should bring.,graceingold,1754158648.0,2025-08-02T18:17:28+00:00,3,https://reddit.com/r/Apartmentliving/comments/1mfxdgk/leaving_home_for_a_week_during_heatwave_while/,Apartmentliving
1mfwxf1,"So i had my first apartment about 3 years ago, i ended up losing my job and ended up leaving i didnt break my lease because i didnt have the money for it nor did i have the mental capacity to move everything out by myself i had nobody but myself so it was other fees on top of me not breaking",Swayrundown,1754157536.0,2025-08-02T17:58:56+00:00,0,https://reddit.com/r/Apartmentliving/comments/1mfwxf1/so_i_had_my_first_apartment_about_3_years_ago_i/,Apartmentliving
1mfw0j5,Urgent: loud music and stomping,Important-Sail751,1754155246.0,2025-08-02T17:20:46+00:00,6,https://reddit.com/r/Apartmentliving/comments/1mfw0j5/urgent_loud_music_and_stomping/,Apartmentliving
1mfvzl9,Best way to split rent,Lazy_Purchase8873,1754155181.0,2025-08-02T17:19:41+00:00,2,https://reddit.com/r/Apartmentliving/comments/1mfvzl9/best_way_to_split_rent/,Apartmentliving
1mfvoa9,No hot water going on 15 days,Round_Yam_8129,1754154375.0,2025-08-02T17:06:15+00:00,4,https://reddit.com/r/Apartmentliving/comments/1mfvoa9/no_hot_water_going_on_15_days/,Apartmentliving
1mfvo28,Maintenance says I can‚Äôt have an indoor camera?,martinixunt,1754154359.0,2025-08-02T17:05:59+00:00,227,https://reddit.com/r/Apartmentliving/comments/1mfvo28/maintenance_says_i_cant_have_an_indoor_camera/,Apartmentliving
1mft8a4,Leasing agent calls weeks after move in to say I have to sign a new lease because they messed up,Excellent-Ad2749,1754148256.0,2025-08-02T15:24:16+00:00,45,https://reddit.com/r/Apartmentliving/comments/1mft8a4/leasing_agent_calls_weeks_after_move_in_to_say_i/,Apartmentliving
1mft3uq,I need help,Xxbig_bbyXx,1754147962.0,2025-08-02T15:19:22+00:00,4,https://reddit.com/r/Apartmentliving/comments/1mft3uq/i_need_help/,Apartmentliving
1mfs52e,"AC is leaking, and I think there is mold",No-Pumpkin-2447,1754145552.0,2025-08-02T14:39:12+00:00,4,https://reddit.com/r/Apartmentliving/comments/1mfs52e/ac_is_leaking_and_i_think_there_is_mold/,Apartmentliving
1mfrrwl,"if you volunteered to take bedroom #3, what would you request in return?",Vast-Bluebird-7087,1754144603.0,2025-08-02T14:23:23+00:00,115,https://reddit.com/r/Apartmentliving/comments/1mfrrwl/if_you_volunteered_to_take_bedroom_3_what_would/,Apartmentliving
1mfreou,Landlord ghosted me,Clark_245,1754143629.0,2025-08-02T14:07:09+00:00,7,https://reddit.com/r/Apartmentliving/comments/1mfreou/landlord_ghosted_me/,Apartmentliving
1mfpmn5,Anyone else exhausted with apartament living?,AdPitiful1938,1754138582.0,2025-08-02T12:43:02+00:00,116,https://reddit.com/r/Apartmentliving/comments/1mfpmn5/anyone_else_exhausted_with_apartament_living/,Apartmentliving
1mfoi95,Neighbor has been moving around furniture all day every day for 2 months,Level-Entrepreneur66,1754135013.0,2025-08-02T11:43:33+00:00,2,https://reddit.com/r/Apartmentliving/comments/1mfoi95/neighbor_has_been_moving_around_furniture_all_day/,Apartmentliving
1mfmcbs,Carpet is torn up by pet- what to do?,akmusician00,1754126831.0,2025-08-02T09:27:11+00:00,3,https://reddit.com/r/Apartmentliving/comments/1mfmcbs/carpet_is_torn_up_by_pet_what_to_do/,Apartmentliving
1mflcbl,Moldy Apartment?,FractalsandThings,1754122755.0,2025-08-02T08:19:15+00:00,1,https://reddit.com/r/Apartmentliving/comments/1mflcbl/moldy_apartment/,Apartmentliving
1mfjpts,new apartment,Ok-Opportunity2539,1754116584.0,2025-08-02T06:36:24+00:00,2,https://reddit.com/r/Apartmentliving/comments/1mfjpts/new_apartment/,Apartmentliving
1mfjiwl,Road noise dampening,Expert_Agent8500,1754115884.0,2025-08-02T06:24:44+00:00,2,https://reddit.com/r/Apartmentliving/comments/1mfjiwl/road_noise_dampening/,Apartmentliving
1mfhupp,Strange sounds in the wall?,superpowers335,1754109971.0,2025-08-02T04:46:11+00:00,1,https://reddit.com/r/Apartmentliving/comments/1mfhupp/strange_sounds_in_the_wall/,Apartmentliving
1mfhgvh,Two dogs in closet,thesalesaddict,1754108685.0,2025-08-02T04:24:45+00:00,5,https://reddit.com/r/Apartmentliving/comments/1mfhgvh/two_dogs_in_closet/,Apartmentliving
